{
  "channels": {
    "constrained_membrane": [
      [
        0.9031088156141067,
        0.0967922374882704,
        9.894689762288939e-05
      ],
      [
        0.005215748598583138,
        0.9895685028028338,
        0.005215748598583135
      ],
      [
        9.894689762288941e-05,
        0.0967922374882704,
        0.9031088156141067
      ]
    ],
    "null_no_membrane": [
      [
        0.8007205897793592,
        0.19745053571377255,
        0.0018288745068682684
      ],
      [
        0.11461516254719693,
        0.7707696749056062,
        0.1146151625471969
      ],
      [
        0.0018288745068682677,
        0.1974505357137726,
        0.8007205897793591
      ]
    ]
  },
  "claim_boundary": "This is an executable proof-of-method for the macro-constraint protocol, not biological evidence and not a claim that life has been explained.",
  "closure": "support(K_X^C) subset support(K_X)",
  "config": {
    "capacity": 24,
    "cost_control": 0.015,
    "cost_entropy_export": 0.01,
    "cost_erasure": 0.005,
    "cost_measure": 0.01,
    "cost_memory": 0.01,
    "cost_model": 0.01,
    "epsilon": 0.01,
    "gate_cross_state_weight": 0.035,
    "gate_recovery_weight": 0.35,
    "inward_rate": 0.18,
    "outward_rate": 0.18,
    "support_epsilon": 1e-15,
    "viable_max": 14,
    "viable_min": 10
  },
  "cost_ledger": {
    "Cost_control": 0.015,
    "Cost_entropy_export": 0.01,
    "Cost_erasure": 0.005,
    "Cost_measure": 0.01,
    "Cost_memory": 0.01,
    "Cost_model": 0.01
  },
  "epsilon": 0.01,
  "evidence_tier": "[B] toy-model receipt only; [C] for biology",
  "macro_states": [
    "low",
    "viable",
    "high"
  ],
  "model": "minimal two-compartment vesicle diffusion with membrane gate",
  "perturbation_kl": 0.14128637478789777,
  "public_interpretation": "If this were a frozen domain run, the only safe wording would be: in this toy model and at this grain, the declared organization behaved as a costed macro-constraint.",
  "support_subset": true,
  "syntropy": {
    "delta_effective_information": 0.4853563895127665,
    "delta_macro_state_preservation": 0.1411917598555742,
    "delta_viable_reachability": 0.005827410482074358,
    "delta_viable_stability": 0.2187988278972276,
    "syn_c": 0.7853469772655682
  },
  "witness": {
    "cost_c": 0.060000000000000005,
    "ei_baseline": 0.7496804124115818,
    "ei_coarse_null": 0.7496804124115818,
    "ei_domain": 0.7496804124115818,
    "ei_macro": 1.2350368019243483,
    "ei_micro_fair": 0.7496804124115818,
    "w_c": 0.4253563895127665
  }
}
