country,n,oos_add,oos_int,oos_prod,oos_min,oos_geo,oos_ces,rho_hat
POOLED_rank,128868,0.14016669209375698,0.1429101030284643,0.11512829331140118,0.11857959952306951,0.13391011559381338,0.1398930939021653,1.0
POOLED_minmax_artifact,128868,0.003095423196139424,0.003264187900689941,0.0029814745853775637,0.002669223562763001,0.0030035391630421904,0.0029921976946750695,-0.5
