path,type,nearest_front_door,front_door_requirement,owns,must_not_own,status,tracked_file_count,disposition,gate,review_state
.,ROOT_SOURCE_OWNER,README.md,DIRECT_PRESENT,"lane-scoped source, evidence, or routing",unrelated lane authority or silent tier promotion,ACTIVE_OR_STAGED_AT_SOURCE,2923,KEEP_PENDING_OWNER_REVIEW,BOX_15_REQUIRED_FOR_ANY_PHYSICAL_MOTION,GENERATED_UNRATIFIED
00_CONTROL,ROUTE_BEARING_OWNER,00_CONTROL/README.md,DIRECT_PRESENT,"lane-scoped source, evidence, or routing",unrelated lane authority or silent tier promotion,ACTIVE_OR_STAGED_AT_SOURCE,24,KEEP_PENDING_OWNER_REVIEW,BOX_15_REQUIRED_FOR_ANY_PHYSICAL_MOTION,GENERATED_UNRATIFIED
00_CONTROL/10_OPEN_CANON_FOUNDATION,ROUTE_BEARING_OWNER,00_CONTROL/10_OPEN_CANON_FOUNDATION/README.md,DIRECT_PRESENT,"lane-scoped source, evidence, or routing",unrelated lane authority or silent tier promotion,ACTIVE_OR_STAGED_AT_SOURCE,6,KEEP_PENDING_OWNER_REVIEW,BOX_15_REQUIRED_FOR_ANY_PHYSICAL_MOTION,GENERATED_UNRATIFIED
00_CONTROL/PRIMETIME_AUDIT,ROUTE_BEARING_OWNER,00_CONTROL/PRIMETIME_AUDIT/README.md,DIRECT_PRESENT,"lane-scoped source, evidence, or routing",unrelated lane authority or silent tier promotion,ACTIVE_OR_STAGED_AT_SOURCE,12,KEEP_PENDING_OWNER_REVIEW,BOX_15_REQUIRED_FOR_ANY_PHYSICAL_MOTION,GENERATED_UNRATIFIED
00_META,ROUTE_BEARING_OWNER,00_META/README.md,DIRECT_PRESENT,"lane-scoped source, evidence, or routing",unrelated lane authority or silent tier promotion,ACTIVE_OR_STAGED_AT_SOURCE,142,KEEP_PENDING_OWNER_REVIEW,BOX_15_REQUIRED_FOR_ANY_PHYSICAL_MOTION,GENERATED_UNRATIFIED
00_META/90_ARCHIVE,ROUTE_BEARING_OWNER,00_META/90_ARCHIVE/README.md,DIRECT_PRESENT,"lane-scoped source, evidence, or routing",unrelated lane authority or silent tier promotion,ACTIVE_OR_STAGED_AT_SOURCE,25,KEEP_PENDING_OWNER_REVIEW,BOX_15_REQUIRED_FOR_ANY_PHYSICAL_MOTION,GENERATED_UNRATIFIED
00_META/90_ARCHIVE/CORPUS_AUDIT_2026_06_04,ROUTE_BEARING_OWNER,00_META/90_ARCHIVE/CORPUS_AUDIT_2026_06_04/TOMBSTONE.md,DIRECT_PRESENT,"lane-scoped source, evidence, or routing",unrelated lane authority or silent tier promotion,ACTIVE_OR_STAGED_AT_SOURCE,4,KEEP_PENDING_OWNER_REVIEW,BOX_15_REQUIRED_FOR_ANY_PHYSICAL_MOTION,GENERATED_UNRATIFIED
00_META/90_ARCHIVE/PUBLIC_CLAIMS_2026_06_06,ROUTE_BEARING_OWNER,00_META/90_ARCHIVE/PUBLIC_CLAIMS_2026_06_06/TOMBSTONE.md,DIRECT_PRESENT,"lane-scoped source, evidence, or routing",unrelated lane authority or silent tier promotion,ACTIVE_OR_STAGED_AT_SOURCE,6,KEEP_PENDING_OWNER_REVIEW,BOX_15_REQUIRED_FOR_ANY_PHYSICAL_MOTION,GENERATED_UNRATIFIED
00_META/BREAKTEST,ROUTE_BEARING_OWNER,00_META/BREAKTEST/README.md,DIRECT_PRESENT,"lane-scoped source, evidence, or routing",unrelated lane authority or silent tier promotion,ACTIVE_OR_STAGED_AT_SOURCE,9,KEEP_PENDING_OWNER_REVIEW,BOX_15_REQUIRED_FOR_ANY_PHYSICAL_MOTION,GENERATED_UNRATIFIED
00_META/CLUSTER2_LEDGER,ROUTE_BEARING_OWNER,00_META/CLUSTER2_LEDGER/README.md,DIRECT_PRESENT,"lane-scoped source, evidence, or routing",unrelated lane authority or silent tier promotion,ACTIVE_OR_STAGED_AT_SOURCE,8,KEEP_PENDING_OWNER_REVIEW,BOX_15_REQUIRED_FOR_ANY_PHYSICAL_MOTION,GENERATED_UNRATIFIED
00_META/CLUSTER2_LEDGER/_raw,ROUTE_BEARING_OWNER,00_META/CLUSTER2_LEDGER/_raw/README.md,DIRECT_PRESENT,"lane-scoped source, evidence, or routing",unrelated lane authority or silent tier promotion,ACTIVE_OR_STAGED_AT_SOURCE,6,KEEP_PENDING_OWNER_REVIEW,BOX_15_REQUIRED_FOR_ANY_PHYSICAL_MOTION,GENERATED_UNRATIFIED
00_META/FALSWEEP,ROUTE_BEARING_OWNER,00_META/FALSWEEP/README.md,DIRECT_PRESENT,"lane-scoped source, evidence, or routing",unrelated lane authority or silent tier promotion,ACTIVE_OR_STAGED_AT_SOURCE,6,KEEP_PENDING_OWNER_REVIEW,BOX_15_REQUIRED_FOR_ANY_PHYSICAL_MOTION,GENERATED_UNRATIFIED
00_META/ROSETTA_FORMAL,ROUTE_BEARING_OWNER,00_META/ROSETTA_FORMAL/README.md,DIRECT_PRESENT,"lane-scoped source, evidence, or routing",unrelated lane authority or silent tier promotion,ACTIVE_OR_STAGED_AT_SOURCE,8,KEEP_PENDING_OWNER_REVIEW,BOX_15_REQUIRED_FOR_ANY_PHYSICAL_MOTION,GENERATED_UNRATIFIED
00_META/SKYZAI_FAMILY,ROUTE_BEARING_OWNER,00_META/SKYZAI_FAMILY/README.md,DIRECT_PRESENT,"lane-scoped source, evidence, or routing",unrelated lane authority or silent tier promotion,ACTIVE_OR_STAGED_AT_SOURCE,5,KEEP_PENDING_OWNER_REVIEW,BOX_15_REQUIRED_FOR_ANY_PHYSICAL_MOTION,GENERATED_UNRATIFIED
00_META/TITAN_LEDGER,ROUTE_BEARING_OWNER,00_META/TITAN_LEDGER/README.md,DIRECT_PRESENT,"lane-scoped source, evidence, or routing",unrelated lane authority or silent tier promotion,ACTIVE_OR_STAGED_AT_SOURCE,6,KEEP_PENDING_OWNER_REVIEW,BOX_15_REQUIRED_FOR_ANY_PHYSICAL_MOTION,GENERATED_UNRATIFIED
00_META/TITAN_LEDGER/_raw,ROUTE_BEARING_OWNER,00_META/TITAN_LEDGER/_raw/README.md,DIRECT_PRESENT,"lane-scoped source, evidence, or routing",unrelated lane authority or silent tier promotion,ACTIVE_OR_STAGED_AT_SOURCE,3,KEEP_PENDING_OWNER_REVIEW,BOX_15_REQUIRED_FOR_ANY_PHYSICAL_MOTION,GENERATED_UNRATIFIED
00_META/worldview_consolidation_2026_06_12,ROUTE_BEARING_OWNER,00_META/worldview_consolidation_2026_06_12/README.md,DIRECT_PRESENT,"lane-scoped source, evidence, or routing",unrelated lane authority or silent tier promotion,ACTIVE_OR_STAGED_AT_SOURCE,3,KEEP_PENDING_OWNER_REVIEW,BOX_15_REQUIRED_FOR_ANY_PHYSICAL_MOTION,GENERATED_UNRATIFIED
01_TELEOLOGY,ROUTE_BEARING_OWNER,01_TELEOLOGY/README.md,DIRECT_PRESENT,"lane-scoped source, evidence, or routing",unrelated lane authority or silent tier promotion,ACTIVE_OR_STAGED_AT_SOURCE,52,KEEP_PENDING_OWNER_REVIEW,BOX_15_REQUIRED_FOR_ANY_PHYSICAL_MOTION,GENERATED_UNRATIFIED
01_TELEOLOGY/01_F5_FORCE,ROUTE_BEARING_OWNER,01_TELEOLOGY/01_F5_FORCE/README.md,DIRECT_PRESENT,"lane-scoped source, evidence, or routing",unrelated lane authority or silent tier promotion,ACTIVE_OR_STAGED_AT_SOURCE,5,KEEP_PENDING_OWNER_REVIEW,BOX_15_REQUIRED_FOR_ANY_PHYSICAL_MOTION,GENERATED_UNRATIFIED
01_TELEOLOGY/02_THE_DERIVATION,ROUTE_BEARING_OWNER,01_TELEOLOGY/02_THE_DERIVATION/README.md,DIRECT_PRESENT,"lane-scoped source, evidence, or routing",unrelated lane authority or silent tier promotion,ACTIVE_OR_STAGED_AT_SOURCE,26,KEEP_PENDING_OWNER_REVIEW,BOX_15_REQUIRED_FOR_ANY_PHYSICAL_MOTION,GENERATED_UNRATIFIED
01_TELEOLOGY/90_ARCHIVE,ROUTE_BEARING_OWNER,01_TELEOLOGY/90_ARCHIVE/README.md,DIRECT_PRESENT,"lane-scoped source, evidence, or routing",unrelated lane authority or silent tier promotion,ACTIVE_OR_STAGED_AT_SOURCE,9,KEEP_PENDING_OWNER_REVIEW,BOX_15_REQUIRED_FOR_ANY_PHYSICAL_MOTION,GENERATED_UNRATIFIED
02_EPISTEMOLOGY,ROUTE_BEARING_OWNER,02_EPISTEMOLOGY/README.md,DIRECT_PRESENT,"lane-scoped source, evidence, or routing",unrelated lane authority or silent tier promotion,ACTIVE_OR_STAGED_AT_SOURCE,29,KEEP_PENDING_OWNER_REVIEW,BOX_15_REQUIRED_FOR_ANY_PHYSICAL_MOTION,GENERATED_UNRATIFIED
02_EPISTEMOLOGY/01_EVIDENCE_TIERS,ROUTE_BEARING_OWNER,02_EPISTEMOLOGY/01_EVIDENCE_TIERS/README.md,DIRECT_PRESENT,"lane-scoped source, evidence, or routing",unrelated lane authority or silent tier promotion,ACTIVE_OR_STAGED_AT_SOURCE,5,KEEP_PENDING_OWNER_REVIEW,BOX_15_REQUIRED_FOR_ANY_PHYSICAL_MOTION,GENERATED_UNRATIFIED
02_EPISTEMOLOGY/03_MEMETICS,ROUTE_BEARING_OWNER,02_EPISTEMOLOGY/03_MEMETICS/README.md,DIRECT_PRESENT,"lane-scoped source, evidence, or routing",unrelated lane authority or silent tier promotion,ACTIVE_OR_STAGED_AT_SOURCE,13,KEEP_PENDING_OWNER_REVIEW,BOX_15_REQUIRED_FOR_ANY_PHYSICAL_MOTION,GENERATED_UNRATIFIED
03_METHODOLOGY,ROUTE_BEARING_OWNER,03_METHODOLOGY/README.md,DIRECT_PRESENT,"lane-scoped source, evidence, or routing",unrelated lane authority or silent tier promotion,ACTIVE_OR_STAGED_AT_SOURCE,175,KEEP_PENDING_OWNER_REVIEW,BOX_15_REQUIRED_FOR_ANY_PHYSICAL_MOTION,GENERATED_UNRATIFIED
03_METHODOLOGY/01_THE_DERIVATION,ROUTE_BEARING_OWNER,03_METHODOLOGY/01_THE_DERIVATION/README.md,DIRECT_PRESENT,"lane-scoped source, evidence, or routing",unrelated lane authority or silent tier promotion,ACTIVE_OR_STAGED_AT_SOURCE,4,KEEP_PENDING_OWNER_REVIEW,BOX_15_REQUIRED_FOR_ANY_PHYSICAL_MOTION,GENERATED_UNRATIFIED
03_METHODOLOGY/02_THE_PAPERS,ROUTE_BEARING_OWNER,03_METHODOLOGY/02_THE_PAPERS/README.md,DIRECT_PRESENT,"lane-scoped source, evidence, or routing",unrelated lane authority or silent tier promotion,ACTIVE_OR_STAGED_AT_SOURCE,132,KEEP_PENDING_OWNER_REVIEW,BOX_15_REQUIRED_FOR_ANY_PHYSICAL_MOTION,GENERATED_UNRATIFIED
03_METHODOLOGY/02_THE_PAPERS/D5_LANDAUER_BARRIER_PROGRAM,ROUTE_BEARING_OWNER,03_METHODOLOGY/02_THE_PAPERS/D5_LANDAUER_BARRIER_PROGRAM/README.md,DIRECT_PRESENT,"lane-scoped source, evidence, or routing",unrelated lane authority or silent tier promotion,ACTIVE_OR_STAGED_AT_SOURCE,8,KEEP_PENDING_OWNER_REVIEW,BOX_15_REQUIRED_FOR_ANY_PHYSICAL_MOTION,GENERATED_UNRATIFIED
03_METHODOLOGY/02_THE_PAPERS/FINITY_PAPERS,ROUTE_BEARING_OWNER,03_METHODOLOGY/02_THE_PAPERS/FINITY_PAPERS/README.md,DIRECT_PRESENT,"lane-scoped source, evidence, or routing",unrelated lane authority or silent tier promotion,ACTIVE_OR_STAGED_AT_SOURCE,29,KEEP_PENDING_OWNER_REVIEW,BOX_15_REQUIRED_FOR_ANY_PHYSICAL_MOTION,GENERATED_UNRATIFIED
03_METHODOLOGY/02_THE_PAPERS/FINITY_PAPERS/_SOURCES,ROUTE_BEARING_OWNER,03_METHODOLOGY/02_THE_PAPERS/FINITY_PAPERS/_SOURCES/README.md,DIRECT_PRESENT,"lane-scoped source, evidence, or routing",unrelated lane authority or silent tier promotion,ACTIVE_OR_STAGED_AT_SOURCE,14,KEEP_PENDING_OWNER_REVIEW,BOX_15_REQUIRED_FOR_ANY_PHYSICAL_MOTION,GENERATED_UNRATIFIED
03_METHODOLOGY/02_THE_PAPERS/PEER_REVIEW_PROGRAM,ROUTE_BEARING_OWNER,03_METHODOLOGY/02_THE_PAPERS/PEER_REVIEW_PROGRAM/README.md,DIRECT_PRESENT,"lane-scoped source, evidence, or routing",unrelated lane authority or silent tier promotion,ACTIVE_OR_STAGED_AT_SOURCE,66,KEEP_PENDING_OWNER_REVIEW,BOX_15_REQUIRED_FOR_ANY_PHYSICAL_MOTION,GENERATED_UNRATIFIED
03_METHODOLOGY/02_THE_PAPERS/PEER_REVIEW_PROGRAM/AXIOM_PAPERS,ROUTE_BEARING_OWNER,03_METHODOLOGY/02_THE_PAPERS/PEER_REVIEW_PROGRAM/AXIOM_PAPERS/README.md,DIRECT_PRESENT,"lane-scoped source, evidence, or routing",unrelated lane authority or silent tier promotion,ACTIVE_OR_STAGED_AT_SOURCE,8,KEEP_PENDING_OWNER_REVIEW,BOX_15_REQUIRED_FOR_ANY_PHYSICAL_MOTION,GENERATED_UNRATIFIED
03_METHODOLOGY/02_THE_PAPERS/PEER_REVIEW_PROGRAM/R2_HARNESS,ROUTE_BEARING_OWNER,03_METHODOLOGY/02_THE_PAPERS/PEER_REVIEW_PROGRAM/R2_HARNESS/README.md,DIRECT_PRESENT,"lane-scoped source, evidence, or routing",unrelated lane authority or silent tier promotion,ACTIVE_OR_STAGED_AT_SOURCE,17,KEEP_PENDING_OWNER_REVIEW,BOX_15_REQUIRED_FOR_ANY_PHYSICAL_MOTION,GENERATED_UNRATIFIED
03_METHODOLOGY/03_PREREGISTRATIONS,ROUTE_BEARING_OWNER,03_METHODOLOGY/03_PREREGISTRATIONS/README.md,DIRECT_PRESENT,"lane-scoped source, evidence, or routing",unrelated lane authority or silent tier promotion,ACTIVE_OR_STAGED_AT_SOURCE,12,KEEP_PENDING_OWNER_REVIEW,BOX_15_REQUIRED_FOR_ANY_PHYSICAL_MOTION,GENERATED_UNRATIFIED
03_METHODOLOGY/03_PREREGISTRATIONS/physics_to_biology_harness,ROUTE_BEARING_OWNER,03_METHODOLOGY/03_PREREGISTRATIONS/physics_to_biology_harness/README.md,DIRECT_PRESENT,"lane-scoped source, evidence, or routing",unrelated lane authority or silent tier promotion,ACTIVE_OR_STAGED_AT_SOURCE,5,KEEP_PENDING_OWNER_REVIEW,BOX_15_REQUIRED_FOR_ANY_PHYSICAL_MOTION,GENERATED_UNRATIFIED
03_METHODOLOGY/90_ARCHIVE,ROUTE_BEARING_OWNER,03_METHODOLOGY/90_ARCHIVE/README.md,DIRECT_PRESENT,"lane-scoped source, evidence, or routing",unrelated lane authority or silent tier promotion,ACTIVE_OR_STAGED_AT_SOURCE,8,KEEP_PENDING_OWNER_REVIEW,BOX_15_REQUIRED_FOR_ANY_PHYSICAL_MOTION,GENERATED_UNRATIFIED
04_AXIOLOGY,ROUTE_BEARING_OWNER,04_AXIOLOGY/README.md,DIRECT_PRESENT,"lane-scoped source, evidence, or routing",unrelated lane authority or silent tier promotion,ACTIVE_OR_STAGED_AT_SOURCE,27,KEEP_PENDING_OWNER_REVIEW,BOX_15_REQUIRED_FOR_ANY_PHYSICAL_MOTION,GENERATED_UNRATIFIED
04_AXIOLOGY/01_THEURGY,ROUTE_BEARING_OWNER,04_AXIOLOGY/01_THEURGY/README.md,DIRECT_PRESENT,"lane-scoped source, evidence, or routing",unrelated lane authority or silent tier promotion,ACTIVE_OR_STAGED_AT_SOURCE,5,KEEP_PENDING_OWNER_REVIEW,BOX_15_REQUIRED_FOR_ANY_PHYSICAL_MOTION,GENERATED_UNRATIFIED
04_AXIOLOGY/02_VALUE_THEORY,ROUTE_BEARING_OWNER,04_AXIOLOGY/02_VALUE_THEORY/README.md,DIRECT_PRESENT,"lane-scoped source, evidence, or routing",unrelated lane authority or silent tier promotion,ACTIVE_OR_STAGED_AT_SOURCE,8,KEEP_PENDING_OWNER_REVIEW,BOX_15_REQUIRED_FOR_ANY_PHYSICAL_MOTION,GENERATED_UNRATIFIED
04_AXIOLOGY/90_ARCHIVE,ROUTE_BEARING_OWNER,04_AXIOLOGY/90_ARCHIVE/README.md,DIRECT_PRESENT,"lane-scoped source, evidence, or routing",unrelated lane authority or silent tier promotion,ACTIVE_OR_STAGED_AT_SOURCE,4,KEEP_PENDING_OWNER_REVIEW,BOX_15_REQUIRED_FOR_ANY_PHYSICAL_MOTION,GENERATED_UNRATIFIED
05_COSMOLOGY,ROUTE_BEARING_OWNER,05_COSMOLOGY/README.md,DIRECT_PRESENT,"lane-scoped source, evidence, or routing",unrelated lane authority or silent tier promotion,ACTIVE_OR_STAGED_AT_SOURCE,142,KEEP_PENDING_OWNER_REVIEW,BOX_15_REQUIRED_FOR_ANY_PHYSICAL_MOTION,GENERATED_UNRATIFIED
05_COSMOLOGY/00_WHOLE,ROUTE_BEARING_OWNER,05_COSMOLOGY/00_WHOLE/README.md,DIRECT_PRESENT,"lane-scoped source, evidence, or routing",unrelated lane authority or silent tier promotion,ACTIVE_OR_STAGED_AT_SOURCE,13,KEEP_PENDING_OWNER_REVIEW,BOX_15_REQUIRED_FOR_ANY_PHYSICAL_MOTION,GENERATED_UNRATIFIED
05_COSMOLOGY/01_THE_TRANSCENDENTAL_TRINITY,ROUTE_BEARING_OWNER,05_COSMOLOGY/01_THE_TRANSCENDENTAL_TRINITY/README.md,DIRECT_PRESENT,"lane-scoped source, evidence, or routing",unrelated lane authority or silent tier promotion,ACTIVE_OR_STAGED_AT_SOURCE,48,KEEP_PENDING_OWNER_REVIEW,BOX_15_REQUIRED_FOR_ANY_PHYSICAL_MOTION,GENERATED_UNRATIFIED
05_COSMOLOGY/02_EMERGENTISM_CORE,ROUTE_BEARING_OWNER,05_COSMOLOGY/02_EMERGENTISM_CORE/README.md,DIRECT_PRESENT,"lane-scoped source, evidence, or routing",unrelated lane authority or silent tier promotion,ACTIVE_OR_STAGED_AT_SOURCE,5,KEEP_PENDING_OWNER_REVIEW,BOX_15_REQUIRED_FOR_ANY_PHYSICAL_MOTION,GENERATED_UNRATIFIED
05_COSMOLOGY/03_FORMAL_SYSTEM,ROUTE_BEARING_OWNER,05_COSMOLOGY/03_FORMAL_SYSTEM/README.md,DIRECT_PRESENT,"lane-scoped source, evidence, or routing",unrelated lane authority or silent tier promotion,ACTIVE_OR_STAGED_AT_SOURCE,40,KEEP_PENDING_OWNER_REVIEW,BOX_15_REQUIRED_FOR_ANY_PHYSICAL_MOTION,GENERATED_UNRATIFIED
06_ONTOLOGY,ROUTE_BEARING_OWNER,06_ONTOLOGY/README.md,DIRECT_PRESENT,"lane-scoped source, evidence, or routing",unrelated lane authority or silent tier promotion,ACTIVE_OR_STAGED_AT_SOURCE,24,KEEP_PENDING_OWNER_REVIEW,BOX_15_REQUIRED_FOR_ANY_PHYSICAL_MOTION,GENERATED_UNRATIFIED
06_ONTOLOGY/ruminations,ROUTE_BEARING_OWNER,06_ONTOLOGY/ruminations/README.md,DIRECT_PRESENT,"lane-scoped source, evidence, or routing",unrelated lane authority or silent tier promotion,ACTIVE_OR_STAGED_AT_SOURCE,4,KEEP_PENDING_OWNER_REVIEW,BOX_15_REQUIRED_FOR_ANY_PHYSICAL_MOTION,GENERATED_UNRATIFIED
07_THEOLOGY,ROUTE_BEARING_OWNER,07_THEOLOGY/README.md,DIRECT_PRESENT,"lane-scoped source, evidence, or routing",unrelated lane authority or silent tier promotion,ACTIVE_OR_STAGED_AT_SOURCE,11,KEEP_PENDING_OWNER_REVIEW,BOX_15_REQUIRED_FOR_ANY_PHYSICAL_MOTION,GENERATED_UNRATIFIED
08_FRAMEWORK_SUPPORT,ROUTE_BEARING_OWNER,08_FRAMEWORK_SUPPORT/README.md,DIRECT_PRESENT,"lane-scoped source, evidence, or routing",unrelated lane authority or silent tier promotion,ACTIVE_OR_STAGED_AT_SOURCE,373,KEEP_PENDING_OWNER_REVIEW,BOX_15_REQUIRED_FOR_ANY_PHYSICAL_MOTION,GENERATED_UNRATIFIED
08_FRAMEWORK_SUPPORT/00_META,ROUTE_BEARING_OWNER,08_FRAMEWORK_SUPPORT/00_META/README.md,DIRECT_PRESENT,"lane-scoped source, evidence, or routing",unrelated lane authority or silent tier promotion,ACTIVE_OR_STAGED_AT_SOURCE,41,KEEP_PENDING_OWNER_REVIEW,BOX_15_REQUIRED_FOR_ANY_PHYSICAL_MOTION,GENERATED_UNRATIFIED
08_FRAMEWORK_SUPPORT/00_META/00_MAGNUM_OPUS,ROUTE_BEARING_OWNER,08_FRAMEWORK_SUPPORT/00_META/00_MAGNUM_OPUS/README.md,DIRECT_PRESENT,"lane-scoped source, evidence, or routing",unrelated lane authority or silent tier promotion,ACTIVE_OR_STAGED_AT_SOURCE,9,KEEP_PENDING_OWNER_REVIEW,BOX_15_REQUIRED_FOR_ANY_PHYSICAL_MOTION,GENERATED_UNRATIFIED
08_FRAMEWORK_SUPPORT/00_META/02_ANALYSIS_DOCUMENTS,ROUTE_BEARING_OWNER,08_FRAMEWORK_SUPPORT/00_META/02_ANALYSIS_DOCUMENTS/README.md,DIRECT_PRESENT,"lane-scoped source, evidence, or routing",unrelated lane authority or silent tier promotion,ACTIVE_OR_STAGED_AT_SOURCE,13,KEEP_PENDING_OWNER_REVIEW,BOX_15_REQUIRED_FOR_ANY_PHYSICAL_MOTION,GENERATED_UNRATIFIED
08_FRAMEWORK_SUPPORT/01_GOVERNANCE,ROUTE_BEARING_OWNER,08_FRAMEWORK_SUPPORT/01_GOVERNANCE/README.md,DIRECT_PRESENT,"lane-scoped source, evidence, or routing",unrelated lane authority or silent tier promotion,ACTIVE_OR_STAGED_AT_SOURCE,44,KEEP_PENDING_OWNER_REVIEW,BOX_15_REQUIRED_FOR_ANY_PHYSICAL_MOTION,GENERATED_UNRATIFIED
08_FRAMEWORK_SUPPORT/01_GOVERNANCE/01_HARDENING,ROUTE_BEARING_OWNER,08_FRAMEWORK_SUPPORT/01_GOVERNANCE/01_HARDENING/README.md,DIRECT_PRESENT,"lane-scoped source, evidence, or routing",unrelated lane authority or silent tier promotion,ACTIVE_OR_STAGED_AT_SOURCE,3,KEEP_PENDING_OWNER_REVIEW,BOX_15_REQUIRED_FOR_ANY_PHYSICAL_MOTION,GENERATED_UNRATIFIED
08_FRAMEWORK_SUPPORT/01_GOVERNANCE/02_REPORTS,ROUTE_BEARING_OWNER,08_FRAMEWORK_SUPPORT/01_GOVERNANCE/02_REPORTS/README.md,DIRECT_PRESENT,"lane-scoped source, evidence, or routing",unrelated lane authority or silent tier promotion,ACTIVE_OR_STAGED_AT_SOURCE,17,KEEP_PENDING_OWNER_REVIEW,BOX_15_REQUIRED_FOR_ANY_PHYSICAL_MOTION,GENERATED_UNRATIFIED
08_FRAMEWORK_SUPPORT/01_GOVERNANCE/02_REPORTS/2026-04-17,ROUTE_BEARING_OWNER,08_FRAMEWORK_SUPPORT/01_GOVERNANCE/02_REPORTS/2026-04-17/README.md,DIRECT_PRESENT,"lane-scoped source, evidence, or routing",unrelated lane authority or silent tier promotion,ACTIVE_OR_STAGED_AT_SOURCE,8,KEEP_PENDING_OWNER_REVIEW,BOX_15_REQUIRED_FOR_ANY_PHYSICAL_MOTION,GENERATED_UNRATIFIED
08_FRAMEWORK_SUPPORT/01_GOVERNANCE/90_ARCHIVE,ROUTE_BEARING_OWNER,08_FRAMEWORK_SUPPORT/01_GOVERNANCE/90_ARCHIVE/AGENTS.md,DIRECT_PRESENT,"lane-scoped source, evidence, or routing",unrelated lane authority or silent tier promotion,ACTIVE_OR_STAGED_AT_SOURCE,5,KEEP_PENDING_OWNER_REVIEW,BOX_15_REQUIRED_FOR_ANY_PHYSICAL_MOTION,GENERATED_UNRATIFIED
08_FRAMEWORK_SUPPORT/02_OPERATORS,ROUTE_BEARING_OWNER,08_FRAMEWORK_SUPPORT/02_OPERATORS/README.md,DIRECT_PRESENT,"lane-scoped source, evidence, or routing",unrelated lane authority or silent tier promotion,ACTIVE_OR_STAGED_AT_SOURCE,52,KEEP_PENDING_OWNER_REVIEW,BOX_15_REQUIRED_FOR_ANY_PHYSICAL_MOTION,GENERATED_UNRATIFIED
08_FRAMEWORK_SUPPORT/02_OPERATORS/MF_ADVANCED,ROUTE_BEARING_OWNER,08_FRAMEWORK_SUPPORT/02_OPERATORS/MF_ADVANCED/README.md,DIRECT_PRESENT,"lane-scoped source, evidence, or routing",unrelated lane authority or silent tier promotion,ACTIVE_OR_STAGED_AT_SOURCE,24,KEEP_PENDING_OWNER_REVIEW,BOX_15_REQUIRED_FOR_ANY_PHYSICAL_MOTION,GENERATED_UNRATIFIED
08_FRAMEWORK_SUPPORT/02_OPERATORS/SPHERE_DERIVATIONS,ROUTE_BEARING_OWNER,08_FRAMEWORK_SUPPORT/02_OPERATORS/SPHERE_DERIVATIONS/README.md,DIRECT_PRESENT,"lane-scoped source, evidence, or routing",unrelated lane authority or silent tier promotion,ACTIVE_OR_STAGED_AT_SOURCE,11,KEEP_PENDING_OWNER_REVIEW,BOX_15_REQUIRED_FOR_ANY_PHYSICAL_MOTION,GENERATED_UNRATIFIED
08_FRAMEWORK_SUPPORT/03_EVIDENCE,ROUTE_BEARING_OWNER,08_FRAMEWORK_SUPPORT/03_EVIDENCE/README.md,DIRECT_PRESENT,"lane-scoped source, evidence, or routing",unrelated lane authority or silent tier promotion,ACTIVE_OR_STAGED_AT_SOURCE,142,KEEP_PENDING_OWNER_REVIEW,BOX_15_REQUIRED_FOR_ANY_PHYSICAL_MOTION,GENERATED_UNRATIFIED
08_FRAMEWORK_SUPPORT/03_EVIDENCE/04_VRS_SHEETS,ROUTE_BEARING_OWNER,08_FRAMEWORK_SUPPORT/03_EVIDENCE/04_VRS_SHEETS/README.md,DIRECT_PRESENT,"lane-scoped source, evidence, or routing",unrelated lane authority or silent tier promotion,ACTIVE_OR_STAGED_AT_SOURCE,5,KEEP_PENDING_OWNER_REVIEW,BOX_15_REQUIRED_FOR_ANY_PHYSICAL_MOTION,GENERATED_UNRATIFIED
08_FRAMEWORK_SUPPORT/03_EVIDENCE/COMPARATIVE,ROUTE_BEARING_OWNER,08_FRAMEWORK_SUPPORT/03_EVIDENCE/COMPARATIVE/README.md,DIRECT_PRESENT,"lane-scoped source, evidence, or routing",unrelated lane authority or silent tier promotion,ACTIVE_OR_STAGED_AT_SOURCE,10,KEEP_PENDING_OWNER_REVIEW,BOX_15_REQUIRED_FOR_ANY_PHYSICAL_MOTION,GENERATED_UNRATIFIED
08_FRAMEWORK_SUPPORT/03_EVIDENCE/PARADOX_DISSOLUTIONS,ROUTE_BEARING_OWNER,08_FRAMEWORK_SUPPORT/03_EVIDENCE/PARADOX_DISSOLUTIONS/README.md,DIRECT_PRESENT,"lane-scoped source, evidence, or routing",unrelated lane authority or silent tier promotion,ACTIVE_OR_STAGED_AT_SOURCE,31,KEEP_PENDING_OWNER_REVIEW,BOX_15_REQUIRED_FOR_ANY_PHYSICAL_MOTION,GENERATED_UNRATIFIED
08_FRAMEWORK_SUPPORT/03_EVIDENCE/ROSETTA_STONE,ROUTE_BEARING_OWNER,08_FRAMEWORK_SUPPORT/03_EVIDENCE/ROSETTA_STONE/README.md,DIRECT_PRESENT,"lane-scoped source, evidence, or routing",unrelated lane authority or silent tier promotion,ACTIVE_OR_STAGED_AT_SOURCE,92,KEEP_PENDING_OWNER_REVIEW,BOX_15_REQUIRED_FOR_ANY_PHYSICAL_MOTION,GENERATED_UNRATIFIED
08_FRAMEWORK_SUPPORT/03_EVIDENCE/ROSETTA_STONE/D_SERIES_AGENTS,ROUTE_BEARING_OWNER,08_FRAMEWORK_SUPPORT/03_EVIDENCE/ROSETTA_STONE/D_SERIES_AGENTS/README.md,DIRECT_PRESENT,"lane-scoped source, evidence, or routing",unrelated lane authority or silent tier promotion,ACTIVE_OR_STAGED_AT_SOURCE,4,KEEP_PENDING_OWNER_REVIEW,BOX_15_REQUIRED_FOR_ANY_PHYSICAL_MOTION,GENERATED_UNRATIFIED
08_FRAMEWORK_SUPPORT/03_EVIDENCE/ROSETTA_STONE/D_SERIES_CONSTITUTIONAL,ROUTE_BEARING_OWNER,08_FRAMEWORK_SUPPORT/03_EVIDENCE/ROSETTA_STONE/D_SERIES_CONSTITUTIONAL/README.md,DIRECT_PRESENT,"lane-scoped source, evidence, or routing",unrelated lane authority or silent tier promotion,ACTIVE_OR_STAGED_AT_SOURCE,9,KEEP_PENDING_OWNER_REVIEW,BOX_15_REQUIRED_FOR_ANY_PHYSICAL_MOTION,GENERATED_UNRATIFIED
08_FRAMEWORK_SUPPORT/03_EVIDENCE/ROSETTA_STONE/D_SERIES_DOMAINS,ROUTE_BEARING_OWNER,08_FRAMEWORK_SUPPORT/03_EVIDENCE/ROSETTA_STONE/D_SERIES_DOMAINS/README.md,DIRECT_PRESENT,"lane-scoped source, evidence, or routing",unrelated lane authority or silent tier promotion,ACTIVE_OR_STAGED_AT_SOURCE,16,KEEP_PENDING_OWNER_REVIEW,BOX_15_REQUIRED_FOR_ANY_PHYSICAL_MOTION,GENERATED_UNRATIFIED
08_FRAMEWORK_SUPPORT/03_EVIDENCE/ROSETTA_STONE/D_SERIES_ROWS,ROUTE_BEARING_OWNER,08_FRAMEWORK_SUPPORT/03_EVIDENCE/ROSETTA_STONE/D_SERIES_ROWS/README.md,DIRECT_PRESENT,"lane-scoped source, evidence, or routing",unrelated lane authority or silent tier promotion,ACTIVE_OR_STAGED_AT_SOURCE,17,KEEP_PENDING_OWNER_REVIEW,BOX_15_REQUIRED_FOR_ANY_PHYSICAL_MOTION,GENERATED_UNRATIFIED
08_FRAMEWORK_SUPPORT/05_SYNTHESIS,ROUTE_BEARING_OWNER,08_FRAMEWORK_SUPPORT/05_SYNTHESIS/README.md,DIRECT_PRESENT,"lane-scoped source, evidence, or routing",unrelated lane authority or silent tier promotion,ACTIVE_OR_STAGED_AT_SOURCE,5,KEEP_PENDING_OWNER_REVIEW,BOX_15_REQUIRED_FOR_ANY_PHYSICAL_MOTION,GENERATED_UNRATIFIED
08_FRAMEWORK_SUPPORT/08_AGENTS,ROUTE_BEARING_OWNER,08_FRAMEWORK_SUPPORT/08_AGENTS/README.md,DIRECT_PRESENT,"lane-scoped source, evidence, or routing",unrelated lane authority or silent tier promotion,ACTIVE_OR_STAGED_AT_SOURCE,72,KEEP_PENDING_OWNER_REVIEW,BOX_15_REQUIRED_FOR_ANY_PHYSICAL_MOTION,GENERATED_UNRATIFIED
08_FRAMEWORK_SUPPORT/08_AGENTS/00_C_SUITE,ROUTE_BEARING_OWNER,08_FRAMEWORK_SUPPORT/08_AGENTS/00_C_SUITE/README.md,DIRECT_PRESENT,"lane-scoped source, evidence, or routing",unrelated lane authority or silent tier promotion,ACTIVE_OR_STAGED_AT_SOURCE,7,KEEP_PENDING_OWNER_REVIEW,BOX_15_REQUIRED_FOR_ANY_PHYSICAL_MOTION,GENERATED_UNRATIFIED
08_FRAMEWORK_SUPPORT/08_AGENTS/01_CANDALA_FIREWALL,ROUTE_BEARING_OWNER,08_FRAMEWORK_SUPPORT/08_AGENTS/01_CANDALA_FIREWALL/README.md,DIRECT_PRESENT,"lane-scoped source, evidence, or routing",unrelated lane authority or silent tier promotion,ACTIVE_OR_STAGED_AT_SOURCE,5,KEEP_PENDING_OWNER_REVIEW,BOX_15_REQUIRED_FOR_ANY_PHYSICAL_MOTION,GENERATED_UNRATIFIED
08_FRAMEWORK_SUPPORT/08_AGENTS/02_SUDRA_EXPLORER,ROUTE_BEARING_OWNER,08_FRAMEWORK_SUPPORT/08_AGENTS/02_SUDRA_EXPLORER/README.md,DIRECT_PRESENT,"lane-scoped source, evidence, or routing",unrelated lane authority or silent tier promotion,ACTIVE_OR_STAGED_AT_SOURCE,5,KEEP_PENDING_OWNER_REVIEW,BOX_15_REQUIRED_FOR_ANY_PHYSICAL_MOTION,GENERATED_UNRATIFIED
08_FRAMEWORK_SUPPORT/08_AGENTS/03_VAISYA_AUDITOR,ROUTE_BEARING_OWNER,08_FRAMEWORK_SUPPORT/08_AGENTS/03_VAISYA_AUDITOR/README.md,DIRECT_PRESENT,"lane-scoped source, evidence, or routing",unrelated lane authority or silent tier promotion,ACTIVE_OR_STAGED_AT_SOURCE,5,KEEP_PENDING_OWNER_REVIEW,BOX_15_REQUIRED_FOR_ANY_PHYSICAL_MOTION,GENERATED_UNRATIFIED
08_FRAMEWORK_SUPPORT/08_AGENTS/04_KSATRIYA_EXECUTOR,ROUTE_BEARING_OWNER,08_FRAMEWORK_SUPPORT/08_AGENTS/04_KSATRIYA_EXECUTOR/README.md,DIRECT_PRESENT,"lane-scoped source, evidence, or routing",unrelated lane authority or silent tier promotion,ACTIVE_OR_STAGED_AT_SOURCE,5,KEEP_PENDING_OWNER_REVIEW,BOX_15_REQUIRED_FOR_ANY_PHYSICAL_MOTION,GENERATED_UNRATIFIED
08_FRAMEWORK_SUPPORT/08_AGENTS/05_BRAHMANA_ARCHITECT,ROUTE_BEARING_OWNER,08_FRAMEWORK_SUPPORT/08_AGENTS/05_BRAHMANA_ARCHITECT/README.md,DIRECT_PRESENT,"lane-scoped source, evidence, or routing",unrelated lane authority or silent tier promotion,ACTIVE_OR_STAGED_AT_SOURCE,5,KEEP_PENDING_OWNER_REVIEW,BOX_15_REQUIRED_FOR_ANY_PHYSICAL_MOTION,GENERATED_UNRATIFIED
08_FRAMEWORK_SUPPORT/08_AGENTS/06_SADHU_COMPRESSOR,ROUTE_BEARING_OWNER,08_FRAMEWORK_SUPPORT/08_AGENTS/06_SADHU_COMPRESSOR/README.md,DIRECT_PRESENT,"lane-scoped source, evidence, or routing",unrelated lane authority or silent tier promotion,ACTIVE_OR_STAGED_AT_SOURCE,5,KEEP_PENDING_OWNER_REVIEW,BOX_15_REQUIRED_FOR_ANY_PHYSICAL_MOTION,GENERATED_UNRATIFIED
08_FRAMEWORK_SUPPORT/08_AGENTS/07_RSI_CONSTITUTION,ROUTE_BEARING_OWNER,08_FRAMEWORK_SUPPORT/08_AGENTS/07_RSI_CONSTITUTION/README.md,DIRECT_PRESENT,"lane-scoped source, evidence, or routing",unrelated lane authority or silent tier promotion,ACTIVE_OR_STAGED_AT_SOURCE,6,KEEP_PENDING_OWNER_REVIEW,BOX_15_REQUIRED_FOR_ANY_PHYSICAL_MOTION,GENERATED_UNRATIFIED
08_FRAMEWORK_SUPPORT/08_AGENTS/MANAGED_AGENTS,ROUTE_BEARING_OWNER,08_FRAMEWORK_SUPPORT/08_AGENTS/MANAGED_AGENTS/README.md,DIRECT_PRESENT,"lane-scoped source, evidence, or routing",unrelated lane authority or silent tier promotion,ACTIVE_OR_STAGED_AT_SOURCE,14,KEEP_PENDING_OWNER_REVIEW,BOX_15_REQUIRED_FOR_ANY_PHYSICAL_MOTION,GENERATED_UNRATIFIED
08_FRAMEWORK_SUPPORT/08_AGENTS/MANAGED_AGENTS/agents,CONTENT_FOLDER,08_FRAMEWORK_SUPPORT/08_AGENTS/MANAGED_AGENTS/README.md,INHERITS_NEAREST_OWNER,"lane-scoped source, evidence, or routing",unrelated lane authority or silent tier promotion,ACTIVE_OR_STAGED_AT_SOURCE,7,KEEP_PENDING_OWNER_REVIEW,BOX_15_REQUIRED_FOR_ANY_PHYSICAL_MOTION,GENERATED_UNRATIFIED
09_TOOLS,TOOL_OWNER,09_TOOLS/README.md,DIRECT_PRESENT,tooling and reproducible checks,doctrine authority,ACTIVE_TOOLING,332,KEEP_TOOLING,BOX_15_REQUIRED_FOR_ANY_PHYSICAL_MOTION,GENERATED_UNRATIFIED
09_TOOLS/01_SCRIPTS,TOOL_OWNER,09_TOOLS/01_SCRIPTS/README.md,DIRECT_PRESENT,tooling and reproducible checks,doctrine authority,ACTIVE_TOOLING,62,KEEP_TOOLING,BOX_15_REQUIRED_FOR_ANY_PHYSICAL_MOTION,GENERATED_UNRATIFIED
09_TOOLS/01_SCRIPTS/01_DAC_SCAFFOLD_MANIFESTS,TOOL_OWNER,09_TOOLS/01_SCRIPTS/01_DAC_SCAFFOLD_MANIFESTS/README.md,DIRECT_PRESENT,tooling and reproducible checks,doctrine authority,ACTIVE_TOOLING,9,KEEP_TOOLING,BOX_15_REQUIRED_FOR_ANY_PHYSICAL_MOTION,GENERATED_UNRATIFIED
09_TOOLS/02_COMPILERS,TOOL_OWNER,09_TOOLS/02_COMPILERS/README.md,DIRECT_PRESENT,tooling and reproducible checks,doctrine authority,ACTIVE_TOOLING,4,KEEP_TOOLING,BOX_15_REQUIRED_FOR_ANY_PHYSICAL_MOTION,GENERATED_UNRATIFIED
09_TOOLS/03_SIMULATIONS,TOOL_OWNER,09_TOOLS/03_SIMULATIONS/README.md,DIRECT_PRESENT,tooling and reproducible checks,doctrine authority,ACTIVE_TOOLING,53,KEEP_TOOLING,BOX_15_REQUIRED_FOR_ANY_PHYSICAL_MOTION,GENERATED_UNRATIFIED
09_TOOLS/03_SIMULATIONS/00_SCENARIOS,TOOL_OWNER,09_TOOLS/03_SIMULATIONS/00_SCENARIOS/README.md,DIRECT_PRESENT,tooling and reproducible checks,doctrine authority,ACTIVE_TOOLING,36,KEEP_TOOLING,BOX_15_REQUIRED_FOR_ANY_PHYSICAL_MOTION,GENERATED_UNRATIFIED
09_TOOLS/03_SIMULATIONS/00_SCENARIOS/00_happy,TOOL_OWNER,09_TOOLS/03_SIMULATIONS/00_SCENARIOS/00_happy/README.md,DIRECT_PRESENT,tooling and reproducible checks,doctrine authority,ACTIVE_TOOLING,6,KEEP_TOOLING,BOX_15_REQUIRED_FOR_ANY_PHYSICAL_MOTION,GENERATED_UNRATIFIED
09_TOOLS/03_SIMULATIONS/00_SCENARIOS/01_byzantine,TOOL_OWNER,09_TOOLS/03_SIMULATIONS/00_SCENARIOS/01_byzantine/README.md,DIRECT_PRESENT,tooling and reproducible checks,doctrine authority,ACTIVE_TOOLING,6,KEEP_TOOLING,BOX_15_REQUIRED_FOR_ANY_PHYSICAL_MOTION,GENERATED_UNRATIFIED
09_TOOLS/03_SIMULATIONS/00_SCENARIOS/02_withholding,TOOL_OWNER,09_TOOLS/03_SIMULATIONS/00_SCENARIOS/02_withholding/README.md,DIRECT_PRESENT,tooling and reproducible checks,doctrine authority,ACTIVE_TOOLING,6,KEEP_TOOLING,BOX_15_REQUIRED_FOR_ANY_PHYSICAL_MOTION,GENERATED_UNRATIFIED
09_TOOLS/03_SIMULATIONS/00_SCENARIOS/03_partition,TOOL_OWNER,09_TOOLS/03_SIMULATIONS/00_SCENARIOS/03_partition/README.md,DIRECT_PRESENT,tooling and reproducible checks,doctrine authority,ACTIVE_TOOLING,6,KEEP_TOOLING,BOX_15_REQUIRED_FOR_ANY_PHYSICAL_MOTION,GENERATED_UNRATIFIED
09_TOOLS/03_SIMULATIONS/00_SCENARIOS/04_combined,TOOL_OWNER,09_TOOLS/03_SIMULATIONS/00_SCENARIOS/04_combined/README.md,DIRECT_PRESENT,tooling and reproducible checks,doctrine authority,ACTIVE_TOOLING,3,KEEP_TOOLING,BOX_15_REQUIRED_FOR_ANY_PHYSICAL_MOTION,GENERATED_UNRATIFIED
09_TOOLS/03_SIMULATIONS/00_SCENARIOS/05_cluster,TOOL_OWNER,09_TOOLS/03_SIMULATIONS/00_SCENARIOS/05_cluster/README.md,DIRECT_PRESENT,tooling and reproducible checks,doctrine authority,ACTIVE_TOOLING,3,KEEP_TOOLING,BOX_15_REQUIRED_FOR_ANY_PHYSICAL_MOTION,GENERATED_UNRATIFIED
09_TOOLS/03_SIMULATIONS/00_SCENARIOS/06_cross,TOOL_OWNER,09_TOOLS/03_SIMULATIONS/00_SCENARIOS/06_cross/README.md,DIRECT_PRESENT,tooling and reproducible checks,doctrine authority,ACTIVE_TOOLING,3,KEEP_TOOLING,BOX_15_REQUIRED_FOR_ANY_PHYSICAL_MOTION,GENERATED_UNRATIFIED
09_TOOLS/04_DATA_PIPELINES,TOOL_OWNER,09_TOOLS/04_DATA_PIPELINES/README.md,DIRECT_PRESENT,tooling and reproducible checks,doctrine authority,ACTIVE_TOOLING,10,KEEP_TOOLING,BOX_15_REQUIRED_FOR_ANY_PHYSICAL_MOTION,GENERATED_UNRATIFIED
09_TOOLS/05_DEPLOY,TOOL_OWNER,09_TOOLS/05_DEPLOY/README.md,DIRECT_PRESENT,tooling and reproducible checks,doctrine authority,ACTIVE_TOOLING,11,KEEP_TOOLING,BOX_15_REQUIRED_FOR_ANY_PHYSICAL_MOTION,GENERATED_UNRATIFIED
09_TOOLS/06_PACKAGES,TOOL_OWNER,09_TOOLS/06_PACKAGES/README.md,DIRECT_PRESENT,tooling and reproducible checks,doctrine authority,ACTIVE_TOOLING,26,KEEP_TOOLING,BOX_15_REQUIRED_FOR_ANY_PHYSICAL_MOTION,GENERATED_UNRATIFIED
09_TOOLS/06_PACKAGES/emergentism-core,TOOL_OWNER,09_TOOLS/06_PACKAGES/emergentism-core/README.md,DIRECT_PRESENT,tooling and reproducible checks,doctrine authority,ACTIVE_TOOLING,23,KEEP_TOOLING,BOX_15_REQUIRED_FOR_ANY_PHYSICAL_MOTION,GENERATED_UNRATIFIED
09_TOOLS/06_PACKAGES/emergentism-core/src,TOOL_OWNER,09_TOOLS/06_PACKAGES/emergentism-core/src/AGENTS.md,DIRECT_PRESENT,tooling and reproducible checks,doctrine authority,ACTIVE_TOOLING,19,KEEP_TOOLING,BOX_15_REQUIRED_FOR_ANY_PHYSICAL_MOTION,GENERATED_UNRATIFIED
09_TOOLS/06_PACKAGES/emergentism-core/src/emergentism_core,TOOL_OWNER,09_TOOLS/06_PACKAGES/emergentism-core/src/emergentism_core/AGENTS.md,DIRECT_PRESENT,tooling and reproducible checks,doctrine authority,ACTIVE_TOOLING,17,KEEP_TOOLING,BOX_15_REQUIRED_FOR_ANY_PHYSICAL_MOTION,GENERATED_UNRATIFIED
09_TOOLS/06_PACKAGES/emergentism-core/src/emergentism_core/polygenic,TOOL_OWNER,09_TOOLS/06_PACKAGES/emergentism-core/src/emergentism_core/polygenic/AGENTS.md,DIRECT_PRESENT,tooling and reproducible checks,doctrine authority,ACTIVE_TOOLING,7,KEEP_TOOLING,BOX_15_REQUIRED_FOR_ANY_PHYSICAL_MOTION,GENERATED_UNRATIFIED
09_TOOLS/07_AGENT_OPS,TOOL_OWNER,09_TOOLS/07_AGENT_OPS/README.md,DIRECT_PRESENT,tooling and reproducible checks,doctrine authority,ACTIVE_TOOLING,13,KEEP_TOOLING,BOX_15_REQUIRED_FOR_ANY_PHYSICAL_MOTION,GENERATED_UNRATIFIED
09_TOOLS/08_AUDIT_ARTIFACTS,TOOL_OWNER,09_TOOLS/08_AUDIT_ARTIFACTS/README.md,DIRECT_PRESENT,tooling and reproducible checks,doctrine authority,ACTIVE_TOOLING,7,KEEP_TOOLING,BOX_15_REQUIRED_FOR_ANY_PHYSICAL_MOTION,GENERATED_UNRATIFIED
09_TOOLS/09_DAC_FRAME,TOOL_OWNER,09_TOOLS/09_DAC_FRAME/README.md,DIRECT_PRESENT,tooling and reproducible checks,doctrine authority,ACTIVE_TOOLING,75,KEEP_TOOLING,BOX_15_REQUIRED_FOR_ANY_PHYSICAL_MOTION,GENERATED_UNRATIFIED
09_TOOLS/09_DAC_FRAME/blueprint,TOOL_OWNER,09_TOOLS/09_DAC_FRAME/blueprint/README.md,DIRECT_PRESENT,tooling and reproducible checks,doctrine authority,ACTIVE_TOOLING,36,KEEP_TOOLING,BOX_15_REQUIRED_FOR_ANY_PHYSICAL_MOTION,GENERATED_UNRATIFIED
09_TOOLS/09_DAC_FRAME/constitution,TOOL_OWNER,09_TOOLS/09_DAC_FRAME/constitution/README.md,DIRECT_PRESENT,tooling and reproducible checks,doctrine authority,ACTIVE_TOOLING,18,KEEP_TOOLING,BOX_15_REQUIRED_FOR_ANY_PHYSICAL_MOTION,GENERATED_UNRATIFIED
09_TOOLS/09_DAC_FRAME/constitution/OS,TOOL_OWNER,09_TOOLS/09_DAC_FRAME/constitution/OS/AGENTS.md,DIRECT_PRESENT,tooling and reproducible checks,doctrine authority,ACTIVE_TOOLING,6,KEEP_TOOLING,BOX_15_REQUIRED_FOR_ANY_PHYSICAL_MOTION,GENERATED_UNRATIFIED
09_TOOLS/09_DAC_FRAME/scripts,TOOL_OWNER,09_TOOLS/09_DAC_FRAME/scripts/README.md,DIRECT_PRESENT,tooling and reproducible checks,doctrine authority,ACTIVE_TOOLING,10,KEEP_TOOLING,BOX_15_REQUIRED_FOR_ANY_PHYSICAL_MOTION,GENERATED_UNRATIFIED
09_TOOLS/09_DAC_FRAME/tools,TOOL_OWNER,09_TOOLS/09_DAC_FRAME/tools/README.md,DIRECT_PRESENT,tooling and reproducible checks,doctrine authority,ACTIVE_TOOLING,8,KEEP_TOOLING,BOX_15_REQUIRED_FOR_ANY_PHYSICAL_MOTION,GENERATED_UNRATIFIED
09_TOOLS/10_SPRINT_GATES,TOOL_OWNER,09_TOOLS/10_SPRINT_GATES/README.md,DIRECT_PRESENT,tooling and reproducible checks,doctrine authority,ACTIVE_TOOLING,15,KEEP_TOOLING,BOX_15_REQUIRED_FOR_ANY_PHYSICAL_MOTION,GENERATED_UNRATIFIED
09_TOOLS/90_ARCHIVE,TOOL_OWNER,09_TOOLS/90_ARCHIVE/README.md,DIRECT_PRESENT,tooling and reproducible checks,doctrine authority,ACTIVE_TOOLING,45,KEEP_TOOLING,BOX_15_REQUIRED_FOR_ANY_PHYSICAL_MOTION,GENERATED_UNRATIFIED
09_TOOLS/90_ARCHIVE/bridge_scripts_2026_04_17,TOOL_OWNER,09_TOOLS/90_ARCHIVE/bridge_scripts_2026_04_17/README.md,DIRECT_PRESENT,tooling and reproducible checks,doctrine authority,ACTIVE_TOOLING,16,KEEP_TOOLING,BOX_15_REQUIRED_FOR_ANY_PHYSICAL_MOTION,GENERATED_UNRATIFIED
09_TOOLS/90_ARCHIVE/scripts_legacy_convenience_copy_2026_05_04,TOOL_OWNER,09_TOOLS/90_ARCHIVE/scripts_legacy_convenience_copy_2026_05_04/AGENTS.md,DIRECT_PRESENT,tooling and reproducible checks,doctrine authority,ACTIVE_TOOLING,13,KEEP_TOOLING,BOX_15_REQUIRED_FOR_ANY_PHYSICAL_MOTION,GENERATED_UNRATIFIED
09_TOOLS/90_ARCHIVE/sprint_gates_2026_04_old,TOOL_OWNER,09_TOOLS/90_ARCHIVE/sprint_gates_2026_04_old/README.md,DIRECT_PRESENT,tooling and reproducible checks,doctrine authority,ACTIVE_TOOLING,11,KEEP_TOOLING,BOX_15_REQUIRED_FOR_ANY_PHYSICAL_MOTION,GENERATED_UNRATIFIED
09_TOOLS/sprint_gates,TOOL_OWNER,09_TOOLS/sprint_gates/README.md,DIRECT_PRESENT,tooling and reproducible checks,doctrine authority,ACTIVE_TOOLING,5,KEEP_TOOLING,BOX_15_REQUIRED_FOR_ANY_PHYSICAL_MOTION,GENERATED_UNRATIFIED
10_SEED,ROUTE_BEARING_OWNER,10_SEED/README.md,DIRECT_PRESENT,"lane-scoped source, evidence, or routing",unrelated lane authority or silent tier promotion,ACTIVE_OR_STAGED_AT_SOURCE,14,KEEP_PENDING_OWNER_REVIEW,BOX_15_REQUIRED_FOR_ANY_PHYSICAL_MOTION,GENERATED_UNRATIFIED
10_SEED/01_THE_SEED_LADDER,ROUTE_BEARING_OWNER,10_SEED/01_THE_SEED_LADDER/README.md,DIRECT_PRESENT,"lane-scoped source, evidence, or routing",unrelated lane authority or silent tier promotion,ACTIVE_OR_STAGED_AT_SOURCE,9,KEEP_PENDING_OWNER_REVIEW,BOX_15_REQUIRED_FOR_ANY_PHYSICAL_MOTION,GENERATED_UNRATIFIED
11_UPLINK,ROUTE_BEARING_OWNER,11_UPLINK/README.md,DIRECT_PRESENT,"lane-scoped source, evidence, or routing",unrelated lane authority or silent tier promotion,ACTIVE_OR_STAGED_AT_SOURCE,466,KEEP_PENDING_OWNER_REVIEW,BOX_15_REQUIRED_FOR_ANY_PHYSICAL_MOTION,GENERATED_UNRATIFIED
11_UPLINK/00_CORE,ROUTE_BEARING_OWNER,11_UPLINK/00_CORE/README.md,DIRECT_PRESENT,"lane-scoped source, evidence, or routing",unrelated lane authority or silent tier promotion,ACTIVE_OR_STAGED_AT_SOURCE,23,KEEP_PENDING_OWNER_REVIEW,BOX_15_REQUIRED_FOR_ANY_PHYSICAL_MOTION,GENERATED_UNRATIFIED
11_UPLINK/00_CORE/.staging,CONTENT_FOLDER,11_UPLINK/00_CORE/README.md,INHERITS_NEAREST_OWNER,"lane-scoped source, evidence, or routing",unrelated lane authority or silent tier promotion,ACTIVE_OR_STAGED_AT_SOURCE,3,KEEP_PENDING_OWNER_REVIEW,BOX_15_REQUIRED_FOR_ANY_PHYSICAL_MOTION,GENERATED_UNRATIFIED
11_UPLINK/00_INDEX,ROUTE_BEARING_OWNER,11_UPLINK/00_INDEX/README.md,DIRECT_PRESENT,"lane-scoped source, evidence, or routing",unrelated lane authority or silent tier promotion,ACTIVE_OR_STAGED_AT_SOURCE,5,KEEP_PENDING_OWNER_REVIEW,BOX_15_REQUIRED_FOR_ANY_PHYSICAL_MOTION,GENERATED_UNRATIFIED
11_UPLINK/10_RECONCILIATION,ROUTE_BEARING_OWNER,11_UPLINK/10_RECONCILIATION/README.md,DIRECT_PRESENT,"lane-scoped source, evidence, or routing",unrelated lane authority or silent tier promotion,ACTIVE_OR_STAGED_AT_SOURCE,13,KEEP_PENDING_OWNER_REVIEW,BOX_15_REQUIRED_FOR_ANY_PHYSICAL_MOTION,GENERATED_UNRATIFIED
11_UPLINK/20_SCOPE,ROUTE_BEARING_OWNER,11_UPLINK/20_SCOPE/README.md,DIRECT_PRESENT,"lane-scoped source, evidence, or routing",unrelated lane authority or silent tier promotion,ACTIVE_OR_STAGED_AT_SOURCE,14,KEEP_PENDING_OWNER_REVIEW,BOX_15_REQUIRED_FOR_ANY_PHYSICAL_MOTION,GENERATED_UNRATIFIED
11_UPLINK/25_EXPERIMENTS,ROUTE_BEARING_OWNER,11_UPLINK/25_EXPERIMENTS/README.md,DIRECT_PRESENT,"lane-scoped source, evidence, or routing",unrelated lane authority or silent tier promotion,ACTIVE_OR_STAGED_AT_SOURCE,36,KEEP_PENDING_OWNER_REVIEW,BOX_15_REQUIRED_FOR_ANY_PHYSICAL_MOTION,GENERATED_UNRATIFIED
11_UPLINK/25_EXPERIMENTS/2026-07-02_agentz_refinement_pilot,ROUTE_BEARING_OWNER,11_UPLINK/25_EXPERIMENTS/2026-07-02_agentz_refinement_pilot/README.md,DIRECT_PRESENT,"lane-scoped source, evidence, or routing",unrelated lane authority or silent tier promotion,ACTIVE_OR_STAGED_AT_SOURCE,15,KEEP_PENDING_OWNER_REVIEW,BOX_15_REQUIRED_FOR_ANY_PHYSICAL_MOTION,GENERATED_UNRATIFIED
11_UPLINK/25_EXPERIMENTS/2026-07-02_agentz_refinement_pilot/outputs,CONTENT_FOLDER,11_UPLINK/25_EXPERIMENTS/2026-07-02_agentz_refinement_pilot/README.md,INHERITS_NEAREST_OWNER,"lane-scoped source, evidence, or routing",unrelated lane authority or silent tier promotion,ACTIVE_OR_STAGED_AT_SOURCE,4,KEEP_PENDING_OWNER_REVIEW,BOX_15_REQUIRED_FOR_ANY_PHYSICAL_MOTION,GENERATED_UNRATIFIED
11_UPLINK/25_EXPERIMENTS/2026-07-02_agentz_refinement_pilot/reports,CONTENT_FOLDER,11_UPLINK/25_EXPERIMENTS/2026-07-02_agentz_refinement_pilot/README.md,INHERITS_NEAREST_OWNER,"lane-scoped source, evidence, or routing",unrelated lane authority or silent tier promotion,ACTIVE_OR_STAGED_AT_SOURCE,6,KEEP_PENDING_OWNER_REVIEW,BOX_15_REQUIRED_FOR_ANY_PHYSICAL_MOTION,GENERATED_UNRATIFIED
11_UPLINK/25_EXPERIMENTS/2026-07-02_extraction_law_empirical_test,ROUTE_BEARING_OWNER,11_UPLINK/25_EXPERIMENTS/2026-07-02_extraction_law_empirical_test/README.md,DIRECT_PRESENT,"lane-scoped source, evidence, or routing",unrelated lane authority or silent tier promotion,ACTIVE_OR_STAGED_AT_SOURCE,9,KEEP_PENDING_OWNER_REVIEW,BOX_15_REQUIRED_FOR_ANY_PHYSICAL_MOTION,GENERATED_UNRATIFIED
11_UPLINK/25_EXPERIMENTS/2026-07-02_extraction_law_empirical_test/data,ROUTE_BEARING_OWNER,11_UPLINK/25_EXPERIMENTS/2026-07-02_extraction_law_empirical_test/data/README.md,DIRECT_PRESENT,"lane-scoped source, evidence, or routing",unrelated lane authority or silent tier promotion,ACTIVE_OR_STAGED_AT_SOURCE,3,KEEP_PENDING_OWNER_REVIEW,BOX_15_REQUIRED_FOR_ANY_PHYSICAL_MOTION,GENERATED_UNRATIFIED
11_UPLINK/25_EXPERIMENTS/2026-07-02_production_function_form,ROUTE_BEARING_OWNER,11_UPLINK/25_EXPERIMENTS/2026-07-02_production_function_form/README.md,DIRECT_PRESENT,"lane-scoped source, evidence, or routing",unrelated lane authority or silent tier promotion,ACTIVE_OR_STAGED_AT_SOURCE,8,KEEP_PENDING_OWNER_REVIEW,BOX_15_REQUIRED_FOR_ANY_PHYSICAL_MOTION,GENERATED_UNRATIFIED
11_UPLINK/25_EXPERIMENTS/2026-07-02_production_function_form/data,CONTENT_FOLDER,11_UPLINK/25_EXPERIMENTS/2026-07-02_production_function_form/README.md,INHERITS_NEAREST_OWNER,"lane-scoped source, evidence, or routing",unrelated lane authority or silent tier promotion,ACTIVE_OR_STAGED_AT_SOURCE,1,KEEP_PENDING_OWNER_REVIEW,BOX_15_REQUIRED_FOR_ANY_PHYSICAL_MOTION,GENERATED_UNRATIFIED
11_UPLINK/30_PROGRAMS,ROUTE_BEARING_OWNER,11_UPLINK/30_PROGRAMS/README.md,DIRECT_PRESENT,"lane-scoped source, evidence, or routing",unrelated lane authority or silent tier promotion,ACTIVE_OR_STAGED_AT_SOURCE,25,KEEP_PENDING_OWNER_REVIEW,BOX_15_REQUIRED_FOR_ANY_PHYSICAL_MOTION,GENERATED_UNRATIFIED
11_UPLINK/40_MEMETIC_DEFENSE_DOCTRINE,ROUTE_BEARING_OWNER,11_UPLINK/40_MEMETIC_DEFENSE_DOCTRINE/README.md,DIRECT_PRESENT,"lane-scoped source, evidence, or routing",unrelated lane authority or silent tier promotion,ACTIVE_OR_STAGED_AT_SOURCE,10,KEEP_PENDING_OWNER_REVIEW,BOX_15_REQUIRED_FOR_ANY_PHYSICAL_MOTION,GENERATED_UNRATIFIED
11_UPLINK/50_AUDITS_AND_EXECUTIONS,ROUTE_BEARING_OWNER,11_UPLINK/50_AUDITS_AND_EXECUTIONS/README.md,DIRECT_PRESENT,"lane-scoped source, evidence, or routing",unrelated lane authority or silent tier promotion,ACTIVE_OR_STAGED_AT_SOURCE,136,KEEP_PENDING_OWNER_REVIEW,BOX_15_REQUIRED_FOR_ANY_PHYSICAL_MOTION,GENERATED_UNRATIFIED
11_UPLINK/50_AUDITS_AND_EXECUTIONS/133_ROSETTA_COUNCIL_RAW,CONTENT_FOLDER,11_UPLINK/50_AUDITS_AND_EXECUTIONS/README.md,INHERITS_NEAREST_OWNER,"lane-scoped source, evidence, or routing",unrelated lane authority or silent tier promotion,ACTIVE_OR_STAGED_AT_SOURCE,8,KEEP_PENDING_OWNER_REVIEW,BOX_15_REQUIRED_FOR_ANY_PHYSICAL_MOTION,GENERATED_UNRATIFIED
11_UPLINK/50_AUDITS_AND_EXECUTIONS/134_ROSETTA_FULL_SET_PURIFICATION_AUDIT_2026_07_19,CONTENT_FOLDER,11_UPLINK/50_AUDITS_AND_EXECUTIONS/README.md,INHERITS_NEAREST_OWNER,"lane-scoped source, evidence, or routing",unrelated lane authority or silent tier promotion,ACTIVE_OR_STAGED_AT_SOURCE,7,KEEP_PENDING_OWNER_REVIEW,BOX_15_REQUIRED_FOR_ANY_PHYSICAL_MOTION,GENERATED_UNRATIFIED
11_UPLINK/60_SESSION_PACKETS,ROUTE_BEARING_OWNER,11_UPLINK/60_SESSION_PACKETS/README.md,DIRECT_PRESENT,"lane-scoped source, evidence, or routing",unrelated lane authority or silent tier promotion,ACTIVE_OR_STAGED_AT_SOURCE,156,KEEP_PENDING_OWNER_REVIEW,BOX_15_REQUIRED_FOR_ANY_PHYSICAL_MOTION,GENERATED_UNRATIFIED
11_UPLINK/60_SESSION_PACKETS/194_SOURCE_RESEARCH_2026_04_28,ROUTE_BEARING_OWNER,11_UPLINK/60_SESSION_PACKETS/194_SOURCE_RESEARCH_2026_04_28/AGENTS.md,DIRECT_PRESENT,"lane-scoped source, evidence, or routing",unrelated lane authority or silent tier promotion,ACTIVE_OR_STAGED_AT_SOURCE,5,KEEP_PENDING_OWNER_REVIEW,BOX_15_REQUIRED_FOR_ANY_PHYSICAL_MOTION,GENERATED_UNRATIFIED
11_UPLINK/60_SESSION_PACKETS/197_PHOENICIAN_FRANCHISE_MODEL_2026_04_28,ROUTE_BEARING_OWNER,11_UPLINK/60_SESSION_PACKETS/197_PHOENICIAN_FRANCHISE_MODEL_2026_04_28/README.md,DIRECT_PRESENT,"lane-scoped source, evidence, or routing",unrelated lane authority or silent tier promotion,ACTIVE_OR_STAGED_AT_SOURCE,4,KEEP_PENDING_OWNER_REVIEW,BOX_15_REQUIRED_FOR_ANY_PHYSICAL_MOTION,GENERATED_UNRATIFIED
11_UPLINK/60_SESSION_PACKETS/198_ROME_CAPTURE_PROTOCOL_2026_04_28,ROUTE_BEARING_OWNER,11_UPLINK/60_SESSION_PACKETS/198_ROME_CAPTURE_PROTOCOL_2026_04_28/README.md,DIRECT_PRESENT,"lane-scoped source, evidence, or routing",unrelated lane authority or silent tier promotion,ACTIVE_OR_STAGED_AT_SOURCE,4,KEEP_PENDING_OWNER_REVIEW,BOX_15_REQUIRED_FOR_ANY_PHYSICAL_MOTION,GENERATED_UNRATIFIED
11_UPLINK/90_ARCHIVE,ROUTE_BEARING_OWNER,11_UPLINK/90_ARCHIVE/README.md,DIRECT_PRESENT,"lane-scoped source, evidence, or routing",unrelated lane authority or silent tier promotion,ACTIVE_OR_STAGED_AT_SOURCE,26,KEEP_PENDING_OWNER_REVIEW,BOX_15_REQUIRED_FOR_ANY_PHYSICAL_MOTION,GENERATED_UNRATIFIED
11_UPLINK/90_ARCHIVE/70_EXTRACT_NOW_PACKETS_2026_04_23,ROUTE_BEARING_OWNER,11_UPLINK/90_ARCHIVE/70_EXTRACT_NOW_PACKETS_2026_04_23/README.md,DIRECT_PRESENT,"lane-scoped source, evidence, or routing",unrelated lane authority or silent tier promotion,ACTIVE_OR_STAGED_AT_SOURCE,10,KEEP_PENDING_OWNER_REVIEW,BOX_15_REQUIRED_FOR_ANY_PHYSICAL_MOTION,GENERATED_UNRATIFIED
11_UPLINK/95_COMPRESSED,ROUTE_BEARING_OWNER,11_UPLINK/95_COMPRESSED/README.md,DIRECT_PRESENT,"lane-scoped source, evidence, or routing",unrelated lane authority or silent tier promotion,ACTIVE_OR_STAGED_AT_SOURCE,13,KEEP_PENDING_OWNER_REVIEW,BOX_15_REQUIRED_FOR_ANY_PHYSICAL_MOTION,GENERATED_UNRATIFIED
12_PUBLIC_SITE,PUBLIC_OWNER,12_PUBLIC_SITE/README.md,DIRECT_PRESENT,public source or compiled projection,private source authority or deployment claims without proof,PUBLIC_UNVERIFIED,558,KEEP_PUBLIC_PENDING_REVIEW,BOX_15_REQUIRED_FOR_ANY_PHYSICAL_MOTION,GENERATED_UNRATIFIED
12_PUBLIC_SITE/0,PUBLIC_COMPILED_OR_ASSET_LEAF,12_PUBLIC_SITE/README.md,INHERITS_NEAREST_OWNER,public source or compiled projection,private source authority or deployment claims without proof,PUBLIC_UNVERIFIED,1,KEEP_PUBLIC_PENDING_REVIEW,BOX_15_REQUIRED_FOR_ANY_PHYSICAL_MOTION,GENERATED_UNRATIFIED
12_PUBLIC_SITE/1,PUBLIC_COMPILED_OR_ASSET_LEAF,12_PUBLIC_SITE/README.md,INHERITS_NEAREST_OWNER,public source or compiled projection,private source authority or deployment claims without proof,PUBLIC_UNVERIFIED,1,KEEP_PUBLIC_PENDING_REVIEW,BOX_15_REQUIRED_FOR_ANY_PHYSICAL_MOTION,GENERATED_UNRATIFIED
12_PUBLIC_SITE/2,PUBLIC_COMPILED_OR_ASSET_LEAF,12_PUBLIC_SITE/README.md,INHERITS_NEAREST_OWNER,public source or compiled projection,private source authority or deployment claims without proof,PUBLIC_UNVERIFIED,1,KEEP_PUBLIC_PENDING_REVIEW,BOX_15_REQUIRED_FOR_ANY_PHYSICAL_MOTION,GENERATED_UNRATIFIED
12_PUBLIC_SITE/3,PUBLIC_COMPILED_OR_ASSET_LEAF,12_PUBLIC_SITE/README.md,INHERITS_NEAREST_OWNER,public source or compiled projection,private source authority or deployment claims without proof,PUBLIC_UNVERIFIED,1,KEEP_PUBLIC_PENDING_REVIEW,BOX_15_REQUIRED_FOR_ANY_PHYSICAL_MOTION,GENERATED_UNRATIFIED
12_PUBLIC_SITE/4,PUBLIC_COMPILED_OR_ASSET_LEAF,12_PUBLIC_SITE/README.md,INHERITS_NEAREST_OWNER,public source or compiled projection,private source authority or deployment claims without proof,PUBLIC_UNVERIFIED,1,KEEP_PUBLIC_PENDING_REVIEW,BOX_15_REQUIRED_FOR_ANY_PHYSICAL_MOTION,GENERATED_UNRATIFIED
12_PUBLIC_SITE/5,PUBLIC_COMPILED_OR_ASSET_LEAF,12_PUBLIC_SITE/README.md,INHERITS_NEAREST_OWNER,public source or compiled projection,private source authority or deployment claims without proof,PUBLIC_UNVERIFIED,1,KEEP_PUBLIC_PENDING_REVIEW,BOX_15_REQUIRED_FOR_ANY_PHYSICAL_MOTION,GENERATED_UNRATIFIED
12_PUBLIC_SITE/6,PUBLIC_COMPILED_OR_ASSET_LEAF,12_PUBLIC_SITE/README.md,INHERITS_NEAREST_OWNER,public source or compiled projection,private source authority or deployment claims without proof,PUBLIC_UNVERIFIED,1,KEEP_PUBLIC_PENDING_REVIEW,BOX_15_REQUIRED_FOR_ANY_PHYSICAL_MOTION,GENERATED_UNRATIFIED
12_PUBLIC_SITE/90_ARCHIVE,PUBLIC_COMPILED_OR_ASSET_LEAF,12_PUBLIC_SITE/README.md,INHERITS_NEAREST_OWNER,public source or compiled projection,private source authority or deployment claims without proof,PUBLIC_UNVERIFIED,1,KEEP_PUBLIC_PENDING_REVIEW,BOX_15_REQUIRED_FOR_ANY_PHYSICAL_MOTION,GENERATED_UNRATIFIED
12_PUBLIC_SITE/90_ARCHIVE/tool_noise,PUBLIC_COMPILED_OR_ASSET_LEAF,12_PUBLIC_SITE/README.md,INHERITS_NEAREST_OWNER,public source or compiled projection,private source authority or deployment claims without proof,PUBLIC_UNVERIFIED,1,KEEP_PUBLIC_PENDING_REVIEW,BOX_15_REQUIRED_FOR_ANY_PHYSICAL_MOTION,GENERATED_UNRATIFIED
12_PUBLIC_SITE/90_ARCHIVE/tool_noise/2026_07_14_compass_restructure,PUBLIC_COMPILED_OR_ASSET_LEAF,12_PUBLIC_SITE/README.md,INHERITS_NEAREST_OWNER,public source or compiled projection,private source authority or deployment claims without proof,PUBLIC_UNVERIFIED,1,KEEP_PUBLIC_PENDING_REVIEW,BOX_15_REQUIRED_FOR_ANY_PHYSICAL_MOTION,GENERATED_UNRATIFIED
12_PUBLIC_SITE/_PLANS,PUBLIC_COMPILED_OR_ASSET_LEAF,12_PUBLIC_SITE/README.md,INHERITS_NEAREST_OWNER,public source or compiled projection,private source authority or deployment claims without proof,PUBLIC_UNVERIFIED,5,KEEP_PUBLIC_PENDING_REVIEW,BOX_15_REQUIRED_FOR_ANY_PHYSICAL_MOTION,GENERATED_UNRATIFIED
12_PUBLIC_SITE/_PLANS/audits,PUBLIC_COMPILED_OR_ASSET_LEAF,12_PUBLIC_SITE/README.md,INHERITS_NEAREST_OWNER,public source or compiled projection,private source authority or deployment claims without proof,PUBLIC_UNVERIFIED,1,KEEP_PUBLIC_PENDING_REVIEW,BOX_15_REQUIRED_FOR_ANY_PHYSICAL_MOTION,GENERATED_UNRATIFIED
12_PUBLIC_SITE/_PLANS/plans,PUBLIC_COMPILED_OR_ASSET_LEAF,12_PUBLIC_SITE/README.md,INHERITS_NEAREST_OWNER,public source or compiled projection,private source authority or deployment claims without proof,PUBLIC_UNVERIFIED,1,KEEP_PUBLIC_PENDING_REVIEW,BOX_15_REQUIRED_FOR_ANY_PHYSICAL_MOTION,GENERATED_UNRATIFIED
12_PUBLIC_SITE/_PLANS/specs,PUBLIC_COMPILED_OR_ASSET_LEAF,12_PUBLIC_SITE/README.md,INHERITS_NEAREST_OWNER,public source or compiled projection,private source authority or deployment claims without proof,PUBLIC_UNVERIFIED,2,KEEP_PUBLIC_PENDING_REVIEW,BOX_15_REQUIRED_FOR_ANY_PHYSICAL_MOTION,GENERATED_UNRATIFIED
12_PUBLIC_SITE/_STAGING_COMPASS_RESTRUCTURE,PUBLIC_COMPILED_OR_ASSET_LEAF,12_PUBLIC_SITE/README.md,INHERITS_NEAREST_OWNER,public source or compiled projection,private source authority or deployment claims without proof,PUBLIC_UNVERIFIED,1,KEEP_PUBLIC_PENDING_REVIEW,BOX_15_REQUIRED_FOR_ANY_PHYSICAL_MOTION,GENERATED_UNRATIFIED
12_PUBLIC_SITE/about,PUBLIC_COMPILED_OR_ASSET_LEAF,12_PUBLIC_SITE/README.md,INHERITS_NEAREST_OWNER,public source or compiled projection,private source authority or deployment claims without proof,PUBLIC_UNVERIFIED,1,KEEP_PUBLIC_PENDING_REVIEW,BOX_15_REQUIRED_FOR_ANY_PHYSICAL_MOTION,GENERATED_UNRATIFIED
12_PUBLIC_SITE/amrita,PUBLIC_COMPILED_OR_ASSET_LEAF,12_PUBLIC_SITE/README.md,INHERITS_NEAREST_OWNER,public source or compiled projection,private source authority or deployment claims without proof,PUBLIC_UNVERIFIED,6,KEEP_PUBLIC_PENDING_REVIEW,BOX_15_REQUIRED_FOR_ANY_PHYSICAL_MOTION,GENERATED_UNRATIFIED
12_PUBLIC_SITE/amrita/tools,PUBLIC_COMPILED_OR_ASSET_LEAF,12_PUBLIC_SITE/README.md,INHERITS_NEAREST_OWNER,public source or compiled projection,private source authority or deployment claims without proof,PUBLIC_UNVERIFIED,1,KEEP_PUBLIC_PENDING_REVIEW,BOX_15_REQUIRED_FOR_ANY_PHYSICAL_MOTION,GENERATED_UNRATIFIED
12_PUBLIC_SITE/assets,PUBLIC_COMPILED_OR_ASSET_LEAF,12_PUBLIC_SITE/README.md,INHERITS_NEAREST_OWNER,public source or compiled projection,private source authority or deployment claims without proof,PUBLIC_UNVERIFIED,19,KEEP_PUBLIC_PENDING_REVIEW,BOX_15_REQUIRED_FOR_ANY_PHYSICAL_MOTION,GENERATED_UNRATIFIED
12_PUBLIC_SITE/assets/css,PUBLIC_COMPILED_OR_ASSET_LEAF,12_PUBLIC_SITE/README.md,INHERITS_NEAREST_OWNER,public source or compiled projection,private source authority or deployment claims without proof,PUBLIC_UNVERIFIED,3,KEEP_PUBLIC_PENDING_REVIEW,BOX_15_REQUIRED_FOR_ANY_PHYSICAL_MOTION,GENERATED_UNRATIFIED
12_PUBLIC_SITE/assets/fonts,PUBLIC_COMPILED_OR_ASSET_LEAF,12_PUBLIC_SITE/README.md,INHERITS_NEAREST_OWNER,public source or compiled projection,private source authority or deployment claims without proof,PUBLIC_UNVERIFIED,5,KEEP_PUBLIC_PENDING_REVIEW,BOX_15_REQUIRED_FOR_ANY_PHYSICAL_MOTION,GENERATED_UNRATIFIED
12_PUBLIC_SITE/assets/icons,PUBLIC_COMPILED_OR_ASSET_LEAF,12_PUBLIC_SITE/README.md,INHERITS_NEAREST_OWNER,public source or compiled projection,private source authority or deployment claims without proof,PUBLIC_UNVERIFIED,5,KEEP_PUBLIC_PENDING_REVIEW,BOX_15_REQUIRED_FOR_ANY_PHYSICAL_MOTION,GENERATED_UNRATIFIED
12_PUBLIC_SITE/assets/js,PUBLIC_COMPILED_OR_ASSET_LEAF,12_PUBLIC_SITE/README.md,INHERITS_NEAREST_OWNER,public source or compiled projection,private source authority or deployment claims without proof,PUBLIC_UNVERIFIED,6,KEEP_PUBLIC_PENDING_REVIEW,BOX_15_REQUIRED_FOR_ANY_PHYSICAL_MOTION,GENERATED_UNRATIFIED
12_PUBLIC_SITE/atlas,PUBLIC_COMPILED_OR_ASSET_LEAF,12_PUBLIC_SITE/README.md,INHERITS_NEAREST_OWNER,public source or compiled projection,private source authority or deployment claims without proof,PUBLIC_UNVERIFIED,3,KEEP_PUBLIC_PENDING_REVIEW,BOX_15_REQUIRED_FOR_ANY_PHYSICAL_MOTION,GENERATED_UNRATIFIED
12_PUBLIC_SITE/audit_receipts,PUBLIC_COMPILED_OR_ASSET_LEAF,12_PUBLIC_SITE/README.md,INHERITS_NEAREST_OWNER,public source or compiled projection,private source authority or deployment claims without proof,PUBLIC_UNVERIFIED,3,KEEP_PUBLIC_PENDING_REVIEW,BOX_15_REQUIRED_FOR_ANY_PHYSICAL_MOTION,GENERATED_UNRATIFIED
12_PUBLIC_SITE/axiology,PUBLIC_COMPILED_OR_ASSET_LEAF,12_PUBLIC_SITE/README.md,INHERITS_NEAREST_OWNER,public source or compiled projection,private source authority or deployment claims without proof,PUBLIC_UNVERIFIED,1,KEEP_PUBLIC_PENDING_REVIEW,BOX_15_REQUIRED_FOR_ANY_PHYSICAL_MOTION,GENERATED_UNRATIFIED
12_PUBLIC_SITE/axioms,PUBLIC_COMPILED_OR_ASSET_LEAF,12_PUBLIC_SITE/README.md,INHERITS_NEAREST_OWNER,public source or compiled projection,private source authority or deployment claims without proof,PUBLIC_UNVERIFIED,1,KEEP_PUBLIC_PENDING_REVIEW,BOX_15_REQUIRED_FOR_ANY_PHYSICAL_MOTION,GENERATED_UNRATIFIED
12_PUBLIC_SITE/book,PUBLIC_COMPILED_OR_ASSET_LEAF,12_PUBLIC_SITE/README.md,INHERITS_NEAREST_OWNER,public source or compiled projection,private source authority or deployment claims without proof,PUBLIC_UNVERIFIED,2,KEEP_PUBLIC_PENDING_REVIEW,BOX_15_REQUIRED_FOR_ANY_PHYSICAL_MOTION,GENERATED_UNRATIFIED
12_PUBLIC_SITE/book-pwa,PUBLIC_COMPILED_OR_ASSET_LEAF,12_PUBLIC_SITE/book-pwa/README.md,DIRECT_PRESENT,public source or compiled projection,private source authority or deployment claims without proof,PUBLIC_UNVERIFIED,93,KEEP_PUBLIC_PENDING_REVIEW,BOX_15_REQUIRED_FOR_ANY_PHYSICAL_MOTION,GENERATED_UNRATIFIED
12_PUBLIC_SITE/book-pwa/prisma,PUBLIC_COMPILED_OR_ASSET_LEAF,12_PUBLIC_SITE/book-pwa/README.md,INHERITS_NEAREST_OWNER,public source or compiled projection,private source authority or deployment claims without proof,PUBLIC_UNVERIFIED,12,KEEP_PUBLIC_PENDING_REVIEW,BOX_15_REQUIRED_FOR_ANY_PHYSICAL_MOTION,GENERATED_UNRATIFIED
12_PUBLIC_SITE/book-pwa/prisma/migrations,PUBLIC_COMPILED_OR_ASSET_LEAF,12_PUBLIC_SITE/book-pwa/README.md,INHERITS_NEAREST_OWNER,public source or compiled projection,private source authority or deployment claims without proof,PUBLIC_UNVERIFIED,9,KEEP_PUBLIC_PENDING_REVIEW,BOX_15_REQUIRED_FOR_ANY_PHYSICAL_MOTION,GENERATED_UNRATIFIED
12_PUBLIC_SITE/book-pwa/prisma/migrations/20260531054500_baseline,PUBLIC_COMPILED_OR_ASSET_LEAF,12_PUBLIC_SITE/book-pwa/README.md,INHERITS_NEAREST_OWNER,public source or compiled projection,private source authority or deployment claims without proof,PUBLIC_UNVERIFIED,1,KEEP_PUBLIC_PENDING_REVIEW,BOX_15_REQUIRED_FOR_ANY_PHYSICAL_MOTION,GENERATED_UNRATIFIED
12_PUBLIC_SITE/book-pwa/prisma/migrations/20260531055000_g1_server_spine,PUBLIC_COMPILED_OR_ASSET_LEAF,12_PUBLIC_SITE/book-pwa/README.md,INHERITS_NEAREST_OWNER,public source or compiled projection,private source authority or deployment claims without proof,PUBLIC_UNVERIFIED,1,KEEP_PUBLIC_PENDING_REVIEW,BOX_15_REQUIRED_FOR_ANY_PHYSICAL_MOTION,GENERATED_UNRATIFIED
12_PUBLIC_SITE/book-pwa/prisma/migrations/20260531062000_branch_constitution_state,PUBLIC_COMPILED_OR_ASSET_LEAF,12_PUBLIC_SITE/book-pwa/README.md,INHERITS_NEAREST_OWNER,public source or compiled projection,private source authority or deployment claims without proof,PUBLIC_UNVERIFIED,1,KEEP_PUBLIC_PENDING_REVIEW,BOX_15_REQUIRED_FOR_ANY_PHYSICAL_MOTION,GENERATED_UNRATIFIED
12_PUBLIC_SITE/book-pwa/prisma/migrations/20260531063000_branch_mode,PUBLIC_COMPILED_OR_ASSET_LEAF,12_PUBLIC_SITE/book-pwa/README.md,INHERITS_NEAREST_OWNER,public source or compiled projection,private source authority or deployment claims without proof,PUBLIC_UNVERIFIED,1,KEEP_PUBLIC_PENDING_REVIEW,BOX_15_REQUIRED_FOR_ANY_PHYSICAL_MOTION,GENERATED_UNRATIFIED
12_PUBLIC_SITE/book-pwa/prisma/migrations/20260531064000_aia_contradiction_records,PUBLIC_COMPILED_OR_ASSET_LEAF,12_PUBLIC_SITE/book-pwa/README.md,INHERITS_NEAREST_OWNER,public source or compiled projection,private source authority or deployment claims without proof,PUBLIC_UNVERIFIED,1,KEEP_PUBLIC_PENDING_REVIEW,BOX_15_REQUIRED_FOR_ANY_PHYSICAL_MOTION,GENERATED_UNRATIFIED
12_PUBLIC_SITE/book-pwa/prisma/migrations/20260531065000_user_role_for_canon_review,PUBLIC_COMPILED_OR_ASSET_LEAF,12_PUBLIC_SITE/book-pwa/README.md,INHERITS_NEAREST_OWNER,public source or compiled projection,private source authority or deployment claims without proof,PUBLIC_UNVERIFIED,1,KEEP_PUBLIC_PENDING_REVIEW,BOX_15_REQUIRED_FOR_ANY_PHYSICAL_MOTION,GENERATED_UNRATIFIED
12_PUBLIC_SITE/book-pwa/prisma/migrations/20260531070000_role_assignment_audit,PUBLIC_COMPILED_OR_ASSET_LEAF,12_PUBLIC_SITE/book-pwa/README.md,INHERITS_NEAREST_OWNER,public source or compiled projection,private source authority or deployment claims without proof,PUBLIC_UNVERIFIED,1,KEEP_PUBLIC_PENDING_REVIEW,BOX_15_REQUIRED_FOR_ANY_PHYSICAL_MOTION,GENERATED_UNRATIFIED
12_PUBLIC_SITE/book-pwa/prisma/migrations/20260531091600_branch_consistency_metadata,PUBLIC_COMPILED_OR_ASSET_LEAF,12_PUBLIC_SITE/book-pwa/README.md,INHERITS_NEAREST_OWNER,public source or compiled projection,private source authority or deployment claims without proof,PUBLIC_UNVERIFIED,1,KEEP_PUBLIC_PENDING_REVIEW,BOX_15_REQUIRED_FOR_ANY_PHYSICAL_MOTION,GENERATED_UNRATIFIED
12_PUBLIC_SITE/book-pwa/public,PUBLIC_COMPILED_OR_ASSET_LEAF,12_PUBLIC_SITE/book-pwa/README.md,INHERITS_NEAREST_OWNER,public source or compiled projection,private source authority or deployment claims without proof,PUBLIC_UNVERIFIED,8,KEEP_PUBLIC_PENDING_REVIEW,BOX_15_REQUIRED_FOR_ANY_PHYSICAL_MOTION,GENERATED_UNRATIFIED
12_PUBLIC_SITE/book-pwa/src,PUBLIC_COMPILED_OR_ASSET_LEAF,12_PUBLIC_SITE/book-pwa/README.md,INHERITS_NEAREST_OWNER,public source or compiled projection,private source authority or deployment claims without proof,PUBLIC_UNVERIFIED,61,KEEP_PUBLIC_PENDING_REVIEW,BOX_15_REQUIRED_FOR_ANY_PHYSICAL_MOTION,GENERATED_UNRATIFIED
12_PUBLIC_SITE/book-pwa/src/app,PUBLIC_COMPILED_OR_ASSET_LEAF,12_PUBLIC_SITE/book-pwa/README.md,INHERITS_NEAREST_OWNER,public source or compiled projection,private source authority or deployment claims without proof,PUBLIC_UNVERIFIED,34,KEEP_PUBLIC_PENDING_REVIEW,BOX_15_REQUIRED_FOR_ANY_PHYSICAL_MOTION,GENERATED_UNRATIFIED
12_PUBLIC_SITE/book-pwa/src/app/api,PUBLIC_COMPILED_OR_ASSET_LEAF,12_PUBLIC_SITE/book-pwa/README.md,INHERITS_NEAREST_OWNER,public source or compiled projection,private source authority or deployment claims without proof,PUBLIC_UNVERIFIED,28,KEEP_PUBLIC_PENDING_REVIEW,BOX_15_REQUIRED_FOR_ANY_PHYSICAL_MOTION,GENERATED_UNRATIFIED
12_PUBLIC_SITE/book-pwa/src/app/api/branches,PUBLIC_COMPILED_OR_ASSET_LEAF,12_PUBLIC_SITE/book-pwa/README.md,INHERITS_NEAREST_OWNER,public source or compiled projection,private source authority or deployment claims without proof,PUBLIC_UNVERIFIED,14,KEEP_PUBLIC_PENDING_REVIEW,BOX_15_REQUIRED_FOR_ANY_PHYSICAL_MOTION,GENERATED_UNRATIFIED
12_PUBLIC_SITE/book-pwa/src/app/api/branches/[id],PUBLIC_COMPILED_OR_ASSET_LEAF,12_PUBLIC_SITE/book-pwa/README.md,INHERITS_NEAREST_OWNER,public source or compiled projection,private source authority or deployment claims without proof,PUBLIC_UNVERIFIED,8,KEEP_PUBLIC_PENDING_REVIEW,BOX_15_REQUIRED_FOR_ANY_PHYSICAL_MOTION,GENERATED_UNRATIFIED
12_PUBLIC_SITE/book-pwa/src/app/api/branches/[id]/consistency,PUBLIC_COMPILED_OR_ASSET_LEAF,12_PUBLIC_SITE/book-pwa/README.md,INHERITS_NEAREST_OWNER,public source or compiled projection,private source authority or deployment claims without proof,PUBLIC_UNVERIFIED,2,KEEP_PUBLIC_PENDING_REVIEW,BOX_15_REQUIRED_FOR_ANY_PHYSICAL_MOTION,GENERATED_UNRATIFIED
12_PUBLIC_SITE/book-pwa/src/app/api/branches/[id]/proposal,PUBLIC_COMPILED_OR_ASSET_LEAF,12_PUBLIC_SITE/book-pwa/README.md,INHERITS_NEAREST_OWNER,public source or compiled projection,private source authority or deployment claims without proof,PUBLIC_UNVERIFIED,2,KEEP_PUBLIC_PENDING_REVIEW,BOX_15_REQUIRED_FOR_ANY_PHYSICAL_MOTION,GENERATED_UNRATIFIED
12_PUBLIC_SITE/book-pwa/src/app/api/branches/[id]/review,PUBLIC_COMPILED_OR_ASSET_LEAF,12_PUBLIC_SITE/book-pwa/README.md,INHERITS_NEAREST_OWNER,public source or compiled projection,private source authority or deployment claims without proof,PUBLIC_UNVERIFIED,2,KEEP_PUBLIC_PENDING_REVIEW,BOX_15_REQUIRED_FOR_ANY_PHYSICAL_MOTION,GENERATED_UNRATIFIED
12_PUBLIC_SITE/book-pwa/src/app/api/branches/review-queue,PUBLIC_COMPILED_OR_ASSET_LEAF,12_PUBLIC_SITE/book-pwa/README.md,INHERITS_NEAREST_OWNER,public source or compiled projection,private source authority or deployment claims without proof,PUBLIC_UNVERIFIED,2,KEEP_PUBLIC_PENDING_REVIEW,BOX_15_REQUIRED_FOR_ANY_PHYSICAL_MOTION,GENERATED_UNRATIFIED
12_PUBLIC_SITE/book-pwa/src/app/api/branches/reviews,PUBLIC_COMPILED_OR_ASSET_LEAF,12_PUBLIC_SITE/book-pwa/README.md,INHERITS_NEAREST_OWNER,public source or compiled projection,private source authority or deployment claims without proof,PUBLIC_UNVERIFIED,2,KEEP_PUBLIC_PENDING_REVIEW,BOX_15_REQUIRED_FOR_ANY_PHYSICAL_MOTION,GENERATED_UNRATIFIED
12_PUBLIC_SITE/book-pwa/src/app/api/contradictions,PUBLIC_COMPILED_OR_ASSET_LEAF,12_PUBLIC_SITE/book-pwa/README.md,INHERITS_NEAREST_OWNER,public source or compiled projection,private source authority or deployment claims without proof,PUBLIC_UNVERIFIED,2,KEEP_PUBLIC_PENDING_REVIEW,BOX_15_REQUIRED_FOR_ANY_PHYSICAL_MOTION,GENERATED_UNRATIFIED
12_PUBLIC_SITE/book-pwa/src/app/api/contradictions/[id],PUBLIC_COMPILED_OR_ASSET_LEAF,12_PUBLIC_SITE/book-pwa/README.md,INHERITS_NEAREST_OWNER,public source or compiled projection,private source authority or deployment claims without proof,PUBLIC_UNVERIFIED,2,KEEP_PUBLIC_PENDING_REVIEW,BOX_15_REQUIRED_FOR_ANY_PHYSICAL_MOTION,GENERATED_UNRATIFIED
12_PUBLIC_SITE/book-pwa/src/app/api/expand,PUBLIC_COMPILED_OR_ASSET_LEAF,12_PUBLIC_SITE/book-pwa/README.md,INHERITS_NEAREST_OWNER,public source or compiled projection,private source authority or deployment claims without proof,PUBLIC_UNVERIFIED,2,KEEP_PUBLIC_PENDING_REVIEW,BOX_15_REQUIRED_FOR_ANY_PHYSICAL_MOTION,GENERATED_UNRATIFIED
12_PUBLIC_SITE/book-pwa/src/app/api/me,PUBLIC_COMPILED_OR_ASSET_LEAF,12_PUBLIC_SITE/book-pwa/README.md,INHERITS_NEAREST_OWNER,public source or compiled projection,private source authority or deployment claims without proof,PUBLIC_UNVERIFIED,2,KEEP_PUBLIC_PENDING_REVIEW,BOX_15_REQUIRED_FOR_ANY_PHYSICAL_MOTION,GENERATED_UNRATIFIED
12_PUBLIC_SITE/book-pwa/src/app/api/stripe,PUBLIC_COMPILED_OR_ASSET_LEAF,12_PUBLIC_SITE/book-pwa/README.md,INHERITS_NEAREST_OWNER,public source or compiled projection,private source authority or deployment claims without proof,PUBLIC_UNVERIFIED,2,KEEP_PUBLIC_PENDING_REVIEW,BOX_15_REQUIRED_FOR_ANY_PHYSICAL_MOTION,GENERATED_UNRATIFIED
12_PUBLIC_SITE/book-pwa/src/app/api/stripe/checkout,PUBLIC_COMPILED_OR_ASSET_LEAF,12_PUBLIC_SITE/book-pwa/README.md,INHERITS_NEAREST_OWNER,public source or compiled projection,private source authority or deployment claims without proof,PUBLIC_UNVERIFIED,1,KEEP_PUBLIC_PENDING_REVIEW,BOX_15_REQUIRED_FOR_ANY_PHYSICAL_MOTION,GENERATED_UNRATIFIED
12_PUBLIC_SITE/book-pwa/src/app/api/stripe/webhook,PUBLIC_COMPILED_OR_ASSET_LEAF,12_PUBLIC_SITE/book-pwa/README.md,INHERITS_NEAREST_OWNER,public source or compiled projection,private source authority or deployment claims without proof,PUBLIC_UNVERIFIED,1,KEEP_PUBLIC_PENDING_REVIEW,BOX_15_REQUIRED_FOR_ANY_PHYSICAL_MOTION,GENERATED_UNRATIFIED
12_PUBLIC_SITE/book-pwa/src/app/api/users,PUBLIC_COMPILED_OR_ASSET_LEAF,12_PUBLIC_SITE/book-pwa/README.md,INHERITS_NEAREST_OWNER,public source or compiled projection,private source authority or deployment claims without proof,PUBLIC_UNVERIFIED,6,KEEP_PUBLIC_PENDING_REVIEW,BOX_15_REQUIRED_FOR_ANY_PHYSICAL_MOTION,GENERATED_UNRATIFIED
12_PUBLIC_SITE/book-pwa/src/app/api/users/[id],PUBLIC_COMPILED_OR_ASSET_LEAF,12_PUBLIC_SITE/book-pwa/README.md,INHERITS_NEAREST_OWNER,public source or compiled projection,private source authority or deployment claims without proof,PUBLIC_UNVERIFIED,2,KEEP_PUBLIC_PENDING_REVIEW,BOX_15_REQUIRED_FOR_ANY_PHYSICAL_MOTION,GENERATED_UNRATIFIED
12_PUBLIC_SITE/book-pwa/src/app/api/users/[id]/role,PUBLIC_COMPILED_OR_ASSET_LEAF,12_PUBLIC_SITE/book-pwa/README.md,INHERITS_NEAREST_OWNER,public source or compiled projection,private source authority or deployment claims without proof,PUBLIC_UNVERIFIED,2,KEEP_PUBLIC_PENDING_REVIEW,BOX_15_REQUIRED_FOR_ANY_PHYSICAL_MOTION,GENERATED_UNRATIFIED
12_PUBLIC_SITE/book-pwa/src/app/api/users/role-audits,PUBLIC_COMPILED_OR_ASSET_LEAF,12_PUBLIC_SITE/book-pwa/README.md,INHERITS_NEAREST_OWNER,public source or compiled projection,private source authority or deployment claims without proof,PUBLIC_UNVERIFIED,2,KEEP_PUBLIC_PENDING_REVIEW,BOX_15_REQUIRED_FOR_ANY_PHYSICAL_MOTION,GENERATED_UNRATIFIED
12_PUBLIC_SITE/book-pwa/src/app/book,PUBLIC_COMPILED_OR_ASSET_LEAF,12_PUBLIC_SITE/book-pwa/README.md,INHERITS_NEAREST_OWNER,public source or compiled projection,private source authority or deployment claims without proof,PUBLIC_UNVERIFIED,1,KEEP_PUBLIC_PENDING_REVIEW,BOX_15_REQUIRED_FOR_ANY_PHYSICAL_MOTION,GENERATED_UNRATIFIED
12_PUBLIC_SITE/book-pwa/src/app/book/[id],PUBLIC_COMPILED_OR_ASSET_LEAF,12_PUBLIC_SITE/book-pwa/README.md,INHERITS_NEAREST_OWNER,public source or compiled projection,private source authority or deployment claims without proof,PUBLIC_UNVERIFIED,1,KEEP_PUBLIC_PENDING_REVIEW,BOX_15_REQUIRED_FOR_ANY_PHYSICAL_MOTION,GENERATED_UNRATIFIED
12_PUBLIC_SITE/book-pwa/src/app/pricing,PUBLIC_COMPILED_OR_ASSET_LEAF,12_PUBLIC_SITE/book-pwa/README.md,INHERITS_NEAREST_OWNER,public source or compiled projection,private source authority or deployment claims without proof,PUBLIC_UNVERIFIED,1,KEEP_PUBLIC_PENDING_REVIEW,BOX_15_REQUIRED_FOR_ANY_PHYSICAL_MOTION,GENERATED_UNRATIFIED
12_PUBLIC_SITE/book-pwa/src/components,PUBLIC_COMPILED_OR_ASSET_LEAF,12_PUBLIC_SITE/book-pwa/README.md,INHERITS_NEAREST_OWNER,public source or compiled projection,private source authority or deployment claims without proof,PUBLIC_UNVERIFIED,3,KEEP_PUBLIC_PENDING_REVIEW,BOX_15_REQUIRED_FOR_ANY_PHYSICAL_MOTION,GENERATED_UNRATIFIED
12_PUBLIC_SITE/book-pwa/src/components/outliner,PUBLIC_COMPILED_OR_ASSET_LEAF,12_PUBLIC_SITE/book-pwa/README.md,INHERITS_NEAREST_OWNER,public source or compiled projection,private source authority or deployment claims without proof,PUBLIC_UNVERIFIED,3,KEEP_PUBLIC_PENDING_REVIEW,BOX_15_REQUIRED_FOR_ANY_PHYSICAL_MOTION,GENERATED_UNRATIFIED
12_PUBLIC_SITE/book-pwa/src/lib,PUBLIC_COMPILED_OR_ASSET_LEAF,12_PUBLIC_SITE/book-pwa/README.md,INHERITS_NEAREST_OWNER,public source or compiled projection,private source authority or deployment claims without proof,PUBLIC_UNVERIFIED,23,KEEP_PUBLIC_PENDING_REVIEW,BOX_15_REQUIRED_FOR_ANY_PHYSICAL_MOTION,GENERATED_UNRATIFIED
12_PUBLIC_SITE/book-pwa/src/lib/__tests__,PUBLIC_COMPILED_OR_ASSET_LEAF,12_PUBLIC_SITE/book-pwa/README.md,INHERITS_NEAREST_OWNER,public source or compiled projection,private source authority or deployment claims without proof,PUBLIC_UNVERIFIED,1,KEEP_PUBLIC_PENDING_REVIEW,BOX_15_REQUIRED_FOR_ANY_PHYSICAL_MOTION,GENERATED_UNRATIFIED
12_PUBLIC_SITE/book-pwa/src/lib/aia,PUBLIC_COMPILED_OR_ASSET_LEAF,12_PUBLIC_SITE/book-pwa/README.md,INHERITS_NEAREST_OWNER,public source or compiled projection,private source authority or deployment claims without proof,PUBLIC_UNVERIFIED,17,KEEP_PUBLIC_PENDING_REVIEW,BOX_15_REQUIRED_FOR_ANY_PHYSICAL_MOTION,GENERATED_UNRATIFIED
12_PUBLIC_SITE/book-pwa/src/lib/aia/__tests__,PUBLIC_COMPILED_OR_ASSET_LEAF,12_PUBLIC_SITE/book-pwa/README.md,INHERITS_NEAREST_OWNER,public source or compiled projection,private source authority or deployment claims without proof,PUBLIC_UNVERIFIED,6,KEEP_PUBLIC_PENDING_REVIEW,BOX_15_REQUIRED_FOR_ANY_PHYSICAL_MOTION,GENERATED_UNRATIFIED
12_PUBLIC_SITE/build,PUBLIC_COMPILED_OR_ASSET_LEAF,12_PUBLIC_SITE/README.md,INHERITS_NEAREST_OWNER,public source or compiled projection,private source authority or deployment claims without proof,PUBLIC_UNVERIFIED,3,KEEP_PUBLIC_PENDING_REVIEW,BOX_15_REQUIRED_FOR_ANY_PHYSICAL_MOTION,GENERATED_UNRATIFIED
12_PUBLIC_SITE/burrisphere,PUBLIC_COMPILED_OR_ASSET_LEAF,12_PUBLIC_SITE/README.md,INHERITS_NEAREST_OWNER,public source or compiled projection,private source authority or deployment claims without proof,PUBLIC_UNVERIFIED,1,KEEP_PUBLIC_PENDING_REVIEW,BOX_15_REQUIRED_FOR_ANY_PHYSICAL_MOTION,GENERATED_UNRATIFIED
12_PUBLIC_SITE/canon,PUBLIC_COMPILED_OR_ASSET_LEAF,12_PUBLIC_SITE/README.md,INHERITS_NEAREST_OWNER,public source or compiled projection,private source authority or deployment claims without proof,PUBLIC_UNVERIFIED,9,KEEP_PUBLIC_PENDING_REVIEW,BOX_15_REQUIRED_FOR_ANY_PHYSICAL_MOTION,GENERATED_UNRATIFIED
12_PUBLIC_SITE/canon/the-burrisphere,PUBLIC_COMPILED_OR_ASSET_LEAF,12_PUBLIC_SITE/README.md,INHERITS_NEAREST_OWNER,public source or compiled projection,private source authority or deployment claims without proof,PUBLIC_UNVERIFIED,1,KEEP_PUBLIC_PENDING_REVIEW,BOX_15_REQUIRED_FOR_ANY_PHYSICAL_MOTION,GENERATED_UNRATIFIED
12_PUBLIC_SITE/canon/the-complete-ontology-of-reality,PUBLIC_COMPILED_OR_ASSET_LEAF,12_PUBLIC_SITE/README.md,INHERITS_NEAREST_OWNER,public source or compiled projection,private source authority or deployment claims without proof,PUBLIC_UNVERIFIED,1,KEEP_PUBLIC_PENDING_REVIEW,BOX_15_REQUIRED_FOR_ANY_PHYSICAL_MOTION,GENERATED_UNRATIFIED
12_PUBLIC_SITE/canon/the-five-plus-one-constitution,PUBLIC_COMPILED_OR_ASSET_LEAF,12_PUBLIC_SITE/README.md,INHERITS_NEAREST_OWNER,public source or compiled projection,private source authority or deployment claims without proof,PUBLIC_UNVERIFIED,1,KEEP_PUBLIC_PENDING_REVIEW,BOX_15_REQUIRED_FOR_ANY_PHYSICAL_MOTION,GENERATED_UNRATIFIED
12_PUBLIC_SITE/canon/the-generative-table,PUBLIC_COMPILED_OR_ASSET_LEAF,12_PUBLIC_SITE/README.md,INHERITS_NEAREST_OWNER,public source or compiled projection,private source authority or deployment claims without proof,PUBLIC_UNVERIFIED,1,KEEP_PUBLIC_PENDING_REVIEW,BOX_15_REQUIRED_FOR_ANY_PHYSICAL_MOTION,GENERATED_UNRATIFIED
12_PUBLIC_SITE/canon/the-geometric-ontology-of-reality,PUBLIC_COMPILED_OR_ASSET_LEAF,12_PUBLIC_SITE/README.md,INHERITS_NEAREST_OWNER,public source or compiled projection,private source authority or deployment claims without proof,PUBLIC_UNVERIFIED,1,KEEP_PUBLIC_PENDING_REVIEW,BOX_15_REQUIRED_FOR_ANY_PHYSICAL_MOTION,GENERATED_UNRATIFIED
12_PUBLIC_SITE/canon/the-logarithmic-realignment,PUBLIC_COMPILED_OR_ASSET_LEAF,12_PUBLIC_SITE/README.md,INHERITS_NEAREST_OWNER,public source or compiled projection,private source authority or deployment claims without proof,PUBLIC_UNVERIFIED,1,KEEP_PUBLIC_PENDING_REVIEW,BOX_15_REQUIRED_FOR_ANY_PHYSICAL_MOTION,GENERATED_UNRATIFIED
12_PUBLIC_SITE/canon/the-ontology-index,PUBLIC_COMPILED_OR_ASSET_LEAF,12_PUBLIC_SITE/README.md,INHERITS_NEAREST_OWNER,public source or compiled projection,private source authority or deployment claims without proof,PUBLIC_UNVERIFIED,1,KEEP_PUBLIC_PENDING_REVIEW,BOX_15_REQUIRED_FOR_ANY_PHYSICAL_MOTION,GENERATED_UNRATIFIED
12_PUBLIC_SITE/canon/the-reciprocal-public-edition,PUBLIC_COMPILED_OR_ASSET_LEAF,12_PUBLIC_SITE/README.md,INHERITS_NEAREST_OWNER,public source or compiled projection,private source authority or deployment claims without proof,PUBLIC_UNVERIFIED,1,KEEP_PUBLIC_PENDING_REVIEW,BOX_15_REQUIRED_FOR_ANY_PHYSICAL_MOTION,GENERATED_UNRATIFIED
12_PUBLIC_SITE/compass,PUBLIC_COMPILED_OR_ASSET_LEAF,12_PUBLIC_SITE/README.md,INHERITS_NEAREST_OWNER,public source or compiled projection,private source authority or deployment claims without proof,PUBLIC_UNVERIFIED,2,KEEP_PUBLIC_PENDING_REVIEW,BOX_15_REQUIRED_FOR_ANY_PHYSICAL_MOTION,GENERATED_UNRATIFIED
12_PUBLIC_SITE/compass/_archive,PUBLIC_COMPILED_OR_ASSET_LEAF,12_PUBLIC_SITE/README.md,INHERITS_NEAREST_OWNER,public source or compiled projection,private source authority or deployment claims without proof,PUBLIC_UNVERIFIED,1,KEEP_PUBLIC_PENDING_REVIEW,BOX_15_REQUIRED_FOR_ANY_PHYSICAL_MOTION,GENERATED_UNRATIFIED
12_PUBLIC_SITE/complete-ontology,PUBLIC_COMPILED_OR_ASSET_LEAF,12_PUBLIC_SITE/README.md,INHERITS_NEAREST_OWNER,public source or compiled projection,private source authority or deployment claims without proof,PUBLIC_UNVERIFIED,1,KEEP_PUBLIC_PENDING_REVIEW,BOX_15_REQUIRED_FOR_ANY_PHYSICAL_MOTION,GENERATED_UNRATIFIED
12_PUBLIC_SITE/cosmology,PUBLIC_COMPILED_OR_ASSET_LEAF,12_PUBLIC_SITE/README.md,INHERITS_NEAREST_OWNER,public source or compiled projection,private source authority or deployment claims without proof,PUBLIC_UNVERIFIED,1,KEEP_PUBLIC_PENDING_REVIEW,BOX_15_REQUIRED_FOR_ANY_PHYSICAL_MOTION,GENERATED_UNRATIFIED
12_PUBLIC_SITE/dasein,PUBLIC_COMPILED_OR_ASSET_LEAF,12_PUBLIC_SITE/README.md,INHERITS_NEAREST_OWNER,public source or compiled projection,private source authority or deployment claims without proof,PUBLIC_UNVERIFIED,1,KEEP_PUBLIC_PENDING_REVIEW,BOX_15_REQUIRED_FOR_ANY_PHYSICAL_MOTION,GENERATED_UNRATIFIED
12_PUBLIC_SITE/dimensions,PUBLIC_COMPILED_OR_ASSET_LEAF,12_PUBLIC_SITE/README.md,INHERITS_NEAREST_OWNER,public source or compiled projection,private source authority or deployment claims without proof,PUBLIC_UNVERIFIED,2,KEEP_PUBLIC_PENDING_REVIEW,BOX_15_REQUIRED_FOR_ANY_PHYSICAL_MOTION,GENERATED_UNRATIFIED
12_PUBLIC_SITE/docs,PUBLIC_COMPILED_OR_ASSET_LEAF,12_PUBLIC_SITE/README.md,INHERITS_NEAREST_OWNER,public source or compiled projection,private source authority or deployment claims without proof,PUBLIC_UNVERIFIED,2,KEEP_PUBLIC_PENDING_REVIEW,BOX_15_REQUIRED_FOR_ANY_PHYSICAL_MOTION,GENERATED_UNRATIFIED
12_PUBLIC_SITE/docs/legacy,PUBLIC_COMPILED_OR_ASSET_LEAF,12_PUBLIC_SITE/README.md,INHERITS_NEAREST_OWNER,public source or compiled projection,private source authority or deployment claims without proof,PUBLIC_UNVERIFIED,1,KEEP_PUBLIC_PENDING_REVIEW,BOX_15_REQUIRED_FOR_ANY_PHYSICAL_MOTION,GENERATED_UNRATIFIED
12_PUBLIC_SITE/docs/superpowers,PUBLIC_COMPILED_OR_ASSET_LEAF,12_PUBLIC_SITE/README.md,INHERITS_NEAREST_OWNER,public source or compiled projection,private source authority or deployment claims without proof,PUBLIC_UNVERIFIED,1,KEEP_PUBLIC_PENDING_REVIEW,BOX_15_REQUIRED_FOR_ANY_PHYSICAL_MOTION,GENERATED_UNRATIFIED
12_PUBLIC_SITE/docs/superpowers/specs,PUBLIC_COMPILED_OR_ASSET_LEAF,12_PUBLIC_SITE/README.md,INHERITS_NEAREST_OWNER,public source or compiled projection,private source authority or deployment claims without proof,PUBLIC_UNVERIFIED,1,KEEP_PUBLIC_PENDING_REVIEW,BOX_15_REQUIRED_FOR_ANY_PHYSICAL_MOTION,GENERATED_UNRATIFIED
12_PUBLIC_SITE/epistemology,PUBLIC_COMPILED_OR_ASSET_LEAF,12_PUBLIC_SITE/README.md,INHERITS_NEAREST_OWNER,public source or compiled projection,private source authority or deployment claims without proof,PUBLIC_UNVERIFIED,1,KEEP_PUBLIC_PENDING_REVIEW,BOX_15_REQUIRED_FOR_ANY_PHYSICAL_MOTION,GENERATED_UNRATIFIED
12_PUBLIC_SITE/exit,PUBLIC_COMPILED_OR_ASSET_LEAF,12_PUBLIC_SITE/exit/README.md,DIRECT_PRESENT,public source or compiled projection,private source authority or deployment claims without proof,PUBLIC_UNVERIFIED,4,KEEP_PUBLIC_PENDING_REVIEW,BOX_15_REQUIRED_FOR_ANY_PHYSICAL_MOTION,GENERATED_UNRATIFIED
12_PUBLIC_SITE/fable,PUBLIC_COMPILED_OR_ASSET_LEAF,12_PUBLIC_SITE/README.md,INHERITS_NEAREST_OWNER,public source or compiled projection,private source authority or deployment claims without proof,PUBLIC_UNVERIFIED,1,KEEP_PUBLIC_PENDING_REVIEW,BOX_15_REQUIRED_FOR_ANY_PHYSICAL_MOTION,GENERATED_UNRATIFIED
12_PUBLIC_SITE/finity-papers,PUBLIC_COMPILED_OR_ASSET_LEAF,12_PUBLIC_SITE/README.md,INHERITS_NEAREST_OWNER,public source or compiled projection,private source authority or deployment claims without proof,PUBLIC_UNVERIFIED,1,KEEP_PUBLIC_PENDING_REVIEW,BOX_15_REQUIRED_FOR_ANY_PHYSICAL_MOTION,GENERATED_UNRATIFIED
12_PUBLIC_SITE/five-plus-one,PUBLIC_COMPILED_OR_ASSET_LEAF,12_PUBLIC_SITE/README.md,INHERITS_NEAREST_OWNER,public source or compiled projection,private source authority or deployment claims without proof,PUBLIC_UNVERIFIED,1,KEEP_PUBLIC_PENDING_REVIEW,BOX_15_REQUIRED_FOR_ANY_PHYSICAL_MOTION,GENERATED_UNRATIFIED
12_PUBLIC_SITE/formal,PUBLIC_COMPILED_OR_ASSET_LEAF,12_PUBLIC_SITE/README.md,INHERITS_NEAREST_OWNER,public source or compiled projection,private source authority or deployment claims without proof,PUBLIC_UNVERIFIED,38,KEEP_PUBLIC_PENDING_REVIEW,BOX_15_REQUIRED_FOR_ANY_PHYSICAL_MOTION,GENERATED_UNRATIFIED
12_PUBLIC_SITE/formal/00-correction-wolfram-nks,PUBLIC_COMPILED_OR_ASSET_LEAF,12_PUBLIC_SITE/README.md,INHERITS_NEAREST_OWNER,public source or compiled projection,private source authority or deployment claims without proof,PUBLIC_UNVERIFIED,1,KEEP_PUBLIC_PENDING_REVIEW,BOX_15_REQUIRED_FOR_ANY_PHYSICAL_MOTION,GENERATED_UNRATIFIED
12_PUBLIC_SITE/formal/00-kstar-disambiguation,PUBLIC_COMPILED_OR_ASSET_LEAF,12_PUBLIC_SITE/README.md,INHERITS_NEAREST_OWNER,public source or compiled projection,private source authority or deployment claims without proof,PUBLIC_UNVERIFIED,1,KEEP_PUBLIC_PENDING_REVIEW,BOX_15_REQUIRED_FOR_ANY_PHYSICAL_MOTION,GENERATED_UNRATIFIED
12_PUBLIC_SITE/formal/00-the-seven-axioms,PUBLIC_COMPILED_OR_ASSET_LEAF,12_PUBLIC_SITE/README.md,INHERITS_NEAREST_OWNER,public source or compiled projection,private source authority or deployment claims without proof,PUBLIC_UNVERIFIED,1,KEEP_PUBLIC_PENDING_REVIEW,BOX_15_REQUIRED_FOR_ANY_PHYSICAL_MOTION,GENERATED_UNRATIFIED
12_PUBLIC_SITE/formal/08-efr-power-max-lemma,PUBLIC_COMPILED_OR_ASSET_LEAF,12_PUBLIC_SITE/README.md,INHERITS_NEAREST_OWNER,public source or compiled projection,private source authority or deployment claims without proof,PUBLIC_UNVERIFIED,1,KEEP_PUBLIC_PENDING_REVIEW,BOX_15_REQUIRED_FOR_ANY_PHYSICAL_MOTION,GENERATED_UNRATIFIED
12_PUBLIC_SITE/formal/09-efr-godel-clarification,PUBLIC_COMPILED_OR_ASSET_LEAF,12_PUBLIC_SITE/README.md,INHERITS_NEAREST_OWNER,public source or compiled projection,private source authority or deployment claims without proof,PUBLIC_UNVERIFIED,1,KEEP_PUBLIC_PENDING_REVIEW,BOX_15_REQUIRED_FOR_ANY_PHYSICAL_MOTION,GENERATED_UNRATIFIED
12_PUBLIC_SITE/formal/10-efr-mu-limit-formula,PUBLIC_COMPILED_OR_ASSET_LEAF,12_PUBLIC_SITE/README.md,INHERITS_NEAREST_OWNER,public source or compiled projection,private source authority or deployment claims without proof,PUBLIC_UNVERIFIED,1,KEEP_PUBLIC_PENDING_REVIEW,BOX_15_REQUIRED_FOR_ANY_PHYSICAL_MOTION,GENERATED_UNRATIFIED
12_PUBLIC_SITE/formal/11-efr-triadic-stability,PUBLIC_COMPILED_OR_ASSET_LEAF,12_PUBLIC_SITE/README.md,INHERITS_NEAREST_OWNER,public source or compiled projection,private source authority or deployment claims without proof,PUBLIC_UNVERIFIED,1,KEEP_PUBLIC_PENDING_REVIEW,BOX_15_REQUIRED_FOR_ANY_PHYSICAL_MOTION,GENERATED_UNRATIFIED
12_PUBLIC_SITE/formal/12-efr-extraction-coefficient,PUBLIC_COMPILED_OR_ASSET_LEAF,12_PUBLIC_SITE/README.md,INHERITS_NEAREST_OWNER,public source or compiled projection,private source authority or deployment claims without proof,PUBLIC_UNVERIFIED,1,KEEP_PUBLIC_PENDING_REVIEW,BOX_15_REQUIRED_FOR_ANY_PHYSICAL_MOTION,GENERATED_UNRATIFIED
12_PUBLIC_SITE/formal/13-efr-two-sacrifices,PUBLIC_COMPILED_OR_ASSET_LEAF,12_PUBLIC_SITE/README.md,INHERITS_NEAREST_OWNER,public source or compiled projection,private source authority or deployment claims without proof,PUBLIC_UNVERIFIED,1,KEEP_PUBLIC_PENDING_REVIEW,BOX_15_REQUIRED_FOR_ANY_PHYSICAL_MOTION,GENERATED_UNRATIFIED
12_PUBLIC_SITE/formal/14-efr-epistemology-triad,PUBLIC_COMPILED_OR_ASSET_LEAF,12_PUBLIC_SITE/README.md,INHERITS_NEAREST_OWNER,public source or compiled projection,private source authority or deployment claims without proof,PUBLIC_UNVERIFIED,1,KEEP_PUBLIC_PENDING_REVIEW,BOX_15_REQUIRED_FOR_ANY_PHYSICAL_MOTION,GENERATED_UNRATIFIED
12_PUBLIC_SITE/formal/15-efr-wolfram-nks-integration,PUBLIC_COMPILED_OR_ASSET_LEAF,12_PUBLIC_SITE/README.md,INHERITS_NEAREST_OWNER,public source or compiled projection,private source authority or deployment claims without proof,PUBLIC_UNVERIFIED,1,KEEP_PUBLIC_PENDING_REVIEW,BOX_15_REQUIRED_FOR_ANY_PHYSICAL_MOTION,GENERATED_UNRATIFIED
12_PUBLIC_SITE/formal/16-efr-transcendentals,PUBLIC_COMPILED_OR_ASSET_LEAF,12_PUBLIC_SITE/README.md,INHERITS_NEAREST_OWNER,public source or compiled projection,private source authority or deployment claims without proof,PUBLIC_UNVERIFIED,1,KEEP_PUBLIC_PENDING_REVIEW,BOX_15_REQUIRED_FOR_ANY_PHYSICAL_MOTION,GENERATED_UNRATIFIED
12_PUBLIC_SITE/formal/17-efr-ontology-complete,PUBLIC_COMPILED_OR_ASSET_LEAF,12_PUBLIC_SITE/README.md,INHERITS_NEAREST_OWNER,public source or compiled projection,private source authority or deployment claims without proof,PUBLIC_UNVERIFIED,1,KEEP_PUBLIC_PENDING_REVIEW,BOX_15_REQUIRED_FOR_ANY_PHYSICAL_MOTION,GENERATED_UNRATIFIED
12_PUBLIC_SITE/formal/18-efr-methodology-complete,PUBLIC_COMPILED_OR_ASSET_LEAF,12_PUBLIC_SITE/README.md,INHERITS_NEAREST_OWNER,public source or compiled projection,private source authority or deployment claims without proof,PUBLIC_UNVERIFIED,1,KEEP_PUBLIC_PENDING_REVIEW,BOX_15_REQUIRED_FOR_ANY_PHYSICAL_MOTION,GENERATED_UNRATIFIED
12_PUBLIC_SITE/formal/19-efr-geometric-exclusion,PUBLIC_COMPILED_OR_ASSET_LEAF,12_PUBLIC_SITE/README.md,INHERITS_NEAREST_OWNER,public source or compiled projection,private source authority or deployment claims without proof,PUBLIC_UNVERIFIED,1,KEEP_PUBLIC_PENDING_REVIEW,BOX_15_REQUIRED_FOR_ANY_PHYSICAL_MOTION,GENERATED_UNRATIFIED
12_PUBLIC_SITE/formal/20-efr-operators-on-complex-plane,PUBLIC_COMPILED_OR_ASSET_LEAF,12_PUBLIC_SITE/README.md,INHERITS_NEAREST_OWNER,public source or compiled projection,private source authority or deployment claims without proof,PUBLIC_UNVERIFIED,1,KEEP_PUBLIC_PENDING_REVIEW,BOX_15_REQUIRED_FOR_ANY_PHYSICAL_MOTION,GENERATED_UNRATIFIED
12_PUBLIC_SITE/formal/21-triadic-stability-correspondence,PUBLIC_COMPILED_OR_ASSET_LEAF,12_PUBLIC_SITE/README.md,INHERITS_NEAREST_OWNER,public source or compiled projection,private source authority or deployment claims without proof,PUBLIC_UNVERIFIED,1,KEEP_PUBLIC_PENDING_REVIEW,BOX_15_REQUIRED_FOR_ANY_PHYSICAL_MOTION,GENERATED_UNRATIFIED
12_PUBLIC_SITE/formal/22-power-max-demonstration,PUBLIC_COMPILED_OR_ASSET_LEAF,12_PUBLIC_SITE/README.md,INHERITS_NEAREST_OWNER,public source or compiled projection,private source authority or deployment claims without proof,PUBLIC_UNVERIFIED,1,KEEP_PUBLIC_PENDING_REVIEW,BOX_15_REQUIRED_FOR_ANY_PHYSICAL_MOTION,GENERATED_UNRATIFIED
12_PUBLIC_SITE/formal/23-dimensional-closure-proof,PUBLIC_COMPILED_OR_ASSET_LEAF,12_PUBLIC_SITE/README.md,INHERITS_NEAREST_OWNER,public source or compiled projection,private source authority or deployment claims without proof,PUBLIC_UNVERIFIED,1,KEEP_PUBLIC_PENDING_REVIEW,BOX_15_REQUIRED_FOR_ANY_PHYSICAL_MOTION,GENERATED_UNRATIFIED
12_PUBLIC_SITE/formal/24-geometric-exclusion-convergence,PUBLIC_COMPILED_OR_ASSET_LEAF,12_PUBLIC_SITE/README.md,INHERITS_NEAREST_OWNER,public source or compiled projection,private source authority or deployment claims without proof,PUBLIC_UNVERIFIED,1,KEEP_PUBLIC_PENDING_REVIEW,BOX_15_REQUIRED_FOR_ANY_PHYSICAL_MOTION,GENERATED_UNRATIFIED
12_PUBLIC_SITE/formal/25-steel-thread,PUBLIC_COMPILED_OR_ASSET_LEAF,12_PUBLIC_SITE/README.md,INHERITS_NEAREST_OWNER,public source or compiled projection,private source authority or deployment claims without proof,PUBLIC_UNVERIFIED,1,KEEP_PUBLIC_PENDING_REVIEW,BOX_15_REQUIRED_FOR_ANY_PHYSICAL_MOTION,GENERATED_UNRATIFIED
12_PUBLIC_SITE/formal/26-the-derivation-axioms,PUBLIC_COMPILED_OR_ASSET_LEAF,12_PUBLIC_SITE/README.md,INHERITS_NEAREST_OWNER,public source or compiled projection,private source authority or deployment claims without proof,PUBLIC_UNVERIFIED,1,KEEP_PUBLIC_PENDING_REVIEW,BOX_15_REQUIRED_FOR_ANY_PHYSICAL_MOTION,GENERATED_UNRATIFIED
12_PUBLIC_SITE/formal/27-dimensional-architecture-clarification,PUBLIC_COMPILED_OR_ASSET_LEAF,12_PUBLIC_SITE/README.md,INHERITS_NEAREST_OWNER,public source or compiled projection,private source authority or deployment claims without proof,PUBLIC_UNVERIFIED,1,KEEP_PUBLIC_PENDING_REVIEW,BOX_15_REQUIRED_FOR_ANY_PHYSICAL_MOTION,GENERATED_UNRATIFIED
12_PUBLIC_SITE/formal/28-efr-hygiene-boundary-theorem,PUBLIC_COMPILED_OR_ASSET_LEAF,12_PUBLIC_SITE/README.md,INHERITS_NEAREST_OWNER,public source or compiled projection,private source authority or deployment claims without proof,PUBLIC_UNVERIFIED,1,KEEP_PUBLIC_PENDING_REVIEW,BOX_15_REQUIRED_FOR_ANY_PHYSICAL_MOTION,GENERATED_UNRATIFIED
12_PUBLIC_SITE/formal/29-primitives-and-type-signatures,PUBLIC_COMPILED_OR_ASSET_LEAF,12_PUBLIC_SITE/README.md,INHERITS_NEAREST_OWNER,public source or compiled projection,private source authority or deployment claims without proof,PUBLIC_UNVERIFIED,1,KEEP_PUBLIC_PENDING_REVIEW,BOX_15_REQUIRED_FOR_ANY_PHYSICAL_MOTION,GENERATED_UNRATIFIED
12_PUBLIC_SITE/formal/30-operational-definitions,PUBLIC_COMPILED_OR_ASSET_LEAF,12_PUBLIC_SITE/README.md,INHERITS_NEAREST_OWNER,public source or compiled projection,private source authority or deployment claims without proof,PUBLIC_UNVERIFIED,1,KEEP_PUBLIC_PENDING_REVIEW,BOX_15_REQUIRED_FOR_ANY_PHYSICAL_MOTION,GENERATED_UNRATIFIED
12_PUBLIC_SITE/formal/31-falsifiers-index,PUBLIC_COMPILED_OR_ASSET_LEAF,12_PUBLIC_SITE/README.md,INHERITS_NEAREST_OWNER,public source or compiled projection,private source authority or deployment claims without proof,PUBLIC_UNVERIFIED,1,KEEP_PUBLIC_PENDING_REVIEW,BOX_15_REQUIRED_FOR_ANY_PHYSICAL_MOTION,GENERATED_UNRATIFIED
12_PUBLIC_SITE/formal/32-theorem-upgrade-protocol,PUBLIC_COMPILED_OR_ASSET_LEAF,12_PUBLIC_SITE/README.md,INHERITS_NEAREST_OWNER,public source or compiled projection,private source authority or deployment claims without proof,PUBLIC_UNVERIFIED,1,KEEP_PUBLIC_PENDING_REVIEW,BOX_15_REQUIRED_FOR_ANY_PHYSICAL_MOTION,GENERATED_UNRATIFIED
12_PUBLIC_SITE/formal/33-nash-equilibrium-eta-zero,PUBLIC_COMPILED_OR_ASSET_LEAF,12_PUBLIC_SITE/README.md,INHERITS_NEAREST_OWNER,public source or compiled projection,private source authority or deployment claims without proof,PUBLIC_UNVERIFIED,1,KEEP_PUBLIC_PENDING_REVIEW,BOX_15_REQUIRED_FOR_ANY_PHYSICAL_MOTION,GENERATED_UNRATIFIED
12_PUBLIC_SITE/formal/34-d4-d5-canonical-reference,PUBLIC_COMPILED_OR_ASSET_LEAF,12_PUBLIC_SITE/README.md,INHERITS_NEAREST_OWNER,public source or compiled projection,private source authority or deployment claims without proof,PUBLIC_UNVERIFIED,1,KEEP_PUBLIC_PENDING_REVIEW,BOX_15_REQUIRED_FOR_ANY_PHYSICAL_MOTION,GENERATED_UNRATIFIED
12_PUBLIC_SITE/formal/35-phi-meter-v1-spec,PUBLIC_COMPILED_OR_ASSET_LEAF,12_PUBLIC_SITE/README.md,INHERITS_NEAREST_OWNER,public source or compiled projection,private source authority or deployment claims without proof,PUBLIC_UNVERIFIED,1,KEEP_PUBLIC_PENDING_REVIEW,BOX_15_REQUIRED_FOR_ANY_PHYSICAL_MOTION,GENERATED_UNRATIFIED
12_PUBLIC_SITE/formal/36-runtime-lens-v1-spec,PUBLIC_COMPILED_OR_ASSET_LEAF,12_PUBLIC_SITE/README.md,INHERITS_NEAREST_OWNER,public source or compiled projection,private source authority or deployment claims without proof,PUBLIC_UNVERIFIED,1,KEEP_PUBLIC_PENDING_REVIEW,BOX_15_REQUIRED_FOR_ANY_PHYSICAL_MOTION,GENERATED_UNRATIFIED
12_PUBLIC_SITE/formal/37-adoption-lens-v1-spec,PUBLIC_COMPILED_OR_ASSET_LEAF,12_PUBLIC_SITE/README.md,INHERITS_NEAREST_OWNER,public source or compiled projection,private source authority or deployment claims without proof,PUBLIC_UNVERIFIED,1,KEEP_PUBLIC_PENDING_REVIEW,BOX_15_REQUIRED_FOR_ANY_PHYSICAL_MOTION,GENERATED_UNRATIFIED
12_PUBLIC_SITE/formal/38-quantum-foundations-confirmation-boundary,PUBLIC_COMPILED_OR_ASSET_LEAF,12_PUBLIC_SITE/README.md,INHERITS_NEAREST_OWNER,public source or compiled projection,private source authority or deployment claims without proof,PUBLIC_UNVERIFIED,1,KEEP_PUBLIC_PENDING_REVIEW,BOX_15_REQUIRED_FOR_ANY_PHYSICAL_MOTION,GENERATED_UNRATIFIED
12_PUBLIC_SITE/formal/39-suda-cross-validation-protocols,PUBLIC_COMPILED_OR_ASSET_LEAF,12_PUBLIC_SITE/README.md,INHERITS_NEAREST_OWNER,public source or compiled projection,private source authority or deployment claims without proof,PUBLIC_UNVERIFIED,1,KEEP_PUBLIC_PENDING_REVIEW,BOX_15_REQUIRED_FOR_ANY_PHYSICAL_MOTION,GENERATED_UNRATIFIED
12_PUBLIC_SITE/formal/40-the-logarithmic-realignment,PUBLIC_COMPILED_OR_ASSET_LEAF,12_PUBLIC_SITE/README.md,INHERITS_NEAREST_OWNER,public source or compiled projection,private source authority or deployment claims without proof,PUBLIC_UNVERIFIED,1,KEEP_PUBLIC_PENDING_REVIEW,BOX_15_REQUIRED_FOR_ANY_PHYSICAL_MOTION,GENERATED_UNRATIFIED
12_PUBLIC_SITE/formal/41-unified-dimensional-derivation,PUBLIC_COMPILED_OR_ASSET_LEAF,12_PUBLIC_SITE/README.md,INHERITS_NEAREST_OWNER,public source or compiled projection,private source authority or deployment claims without proof,PUBLIC_UNVERIFIED,1,KEEP_PUBLIC_PENDING_REVIEW,BOX_15_REQUIRED_FOR_ANY_PHYSICAL_MOTION,GENERATED_UNRATIFIED
12_PUBLIC_SITE/foundations,PUBLIC_COMPILED_OR_ASSET_LEAF,12_PUBLIC_SITE/README.md,INHERITS_NEAREST_OWNER,public source or compiled projection,private source authority or deployment claims without proof,PUBLIC_UNVERIFIED,13,KEEP_PUBLIC_PENDING_REVIEW,BOX_15_REQUIRED_FOR_ANY_PHYSICAL_MOTION,GENERATED_UNRATIFIED
12_PUBLIC_SITE/foundations/commandment-vs-geometry,PUBLIC_COMPILED_OR_ASSET_LEAF,12_PUBLIC_SITE/README.md,INHERITS_NEAREST_OWNER,public source or compiled projection,private source authority or deployment claims without proof,PUBLIC_UNVERIFIED,1,KEEP_PUBLIC_PENDING_REVIEW,BOX_15_REQUIRED_FOR_ANY_PHYSICAL_MOTION,GENERATED_UNRATIFIED
12_PUBLIC_SITE/foundations/i-is-the-equator,PUBLIC_COMPILED_OR_ASSET_LEAF,12_PUBLIC_SITE/README.md,INHERITS_NEAREST_OWNER,public source or compiled projection,private source authority or deployment claims without proof,PUBLIC_UNVERIFIED,1,KEEP_PUBLIC_PENDING_REVIEW,BOX_15_REQUIRED_FOR_ANY_PHYSICAL_MOTION,GENERATED_UNRATIFIED
12_PUBLIC_SITE/foundations/ontology-across-dimensions,PUBLIC_COMPILED_OR_ASSET_LEAF,12_PUBLIC_SITE/README.md,INHERITS_NEAREST_OWNER,public source or compiled projection,private source authority or deployment claims without proof,PUBLIC_UNVERIFIED,1,KEEP_PUBLIC_PENDING_REVIEW,BOX_15_REQUIRED_FOR_ANY_PHYSICAL_MOTION,GENERATED_UNRATIFIED
12_PUBLIC_SITE/foundations/pratyaksa-as-primary-disclosure,PUBLIC_COMPILED_OR_ASSET_LEAF,12_PUBLIC_SITE/README.md,INHERITS_NEAREST_OWNER,public source or compiled projection,private source authority or deployment claims without proof,PUBLIC_UNVERIFIED,1,KEEP_PUBLIC_PENDING_REVIEW,BOX_15_REQUIRED_FOR_ANY_PHYSICAL_MOTION,GENERATED_UNRATIFIED
12_PUBLIC_SITE/foundations/the-framework-on-its-own-teleology-spectrum,PUBLIC_COMPILED_OR_ASSET_LEAF,12_PUBLIC_SITE/README.md,INHERITS_NEAREST_OWNER,public source or compiled projection,private source authority or deployment claims without proof,PUBLIC_UNVERIFIED,1,KEEP_PUBLIC_PENDING_REVIEW,BOX_15_REQUIRED_FOR_ANY_PHYSICAL_MOTION,GENERATED_UNRATIFIED
12_PUBLIC_SITE/foundations/the-hidden-center-of-the-framework,PUBLIC_COMPILED_OR_ASSET_LEAF,12_PUBLIC_SITE/README.md,INHERITS_NEAREST_OWNER,public source or compiled projection,private source authority or deployment claims without proof,PUBLIC_UNVERIFIED,1,KEEP_PUBLIC_PENDING_REVIEW,BOX_15_REQUIRED_FOR_ANY_PHYSICAL_MOTION,GENERATED_UNRATIFIED
12_PUBLIC_SITE/foundations/the-honest-position,PUBLIC_COMPILED_OR_ASSET_LEAF,12_PUBLIC_SITE/README.md,INHERITS_NEAREST_OWNER,public source or compiled projection,private source authority or deployment claims without proof,PUBLIC_UNVERIFIED,1,KEEP_PUBLIC_PENDING_REVIEW,BOX_15_REQUIRED_FOR_ANY_PHYSICAL_MOTION,GENERATED_UNRATIFIED
12_PUBLIC_SITE/foundations/the-honesty-protocol-standalone,PUBLIC_COMPILED_OR_ASSET_LEAF,12_PUBLIC_SITE/README.md,INHERITS_NEAREST_OWNER,public source or compiled projection,private source authority or deployment claims without proof,PUBLIC_UNVERIFIED,1,KEEP_PUBLIC_PENDING_REVIEW,BOX_15_REQUIRED_FOR_ANY_PHYSICAL_MOTION,GENERATED_UNRATIFIED
12_PUBLIC_SITE/foundations/the-pedagogy-of-becoming,PUBLIC_COMPILED_OR_ASSET_LEAF,12_PUBLIC_SITE/README.md,INHERITS_NEAREST_OWNER,public source or compiled projection,private source authority or deployment claims without proof,PUBLIC_UNVERIFIED,1,KEEP_PUBLIC_PENDING_REVIEW,BOX_15_REQUIRED_FOR_ANY_PHYSICAL_MOTION,GENERATED_UNRATIFIED
12_PUBLIC_SITE/foundations/the-ring-that-is-the-ground,PUBLIC_COMPILED_OR_ASSET_LEAF,12_PUBLIC_SITE/README.md,INHERITS_NEAREST_OWNER,public source or compiled projection,private source authority or deployment claims without proof,PUBLIC_UNVERIFIED,1,KEEP_PUBLIC_PENDING_REVIEW,BOX_15_REQUIRED_FOR_ANY_PHYSICAL_MOTION,GENERATED_UNRATIFIED
12_PUBLIC_SITE/foundations/the-seven-generative-actions-and-ektropy,PUBLIC_COMPILED_OR_ASSET_LEAF,12_PUBLIC_SITE/README.md,INHERITS_NEAREST_OWNER,public source or compiled projection,private source authority or deployment claims without proof,PUBLIC_UNVERIFIED,1,KEEP_PUBLIC_PENDING_REVIEW,BOX_15_REQUIRED_FOR_ANY_PHYSICAL_MOTION,GENERATED_UNRATIFIED
12_PUBLIC_SITE/foundations/the-seven-ologies-per-the-rosetta,PUBLIC_COMPILED_OR_ASSET_LEAF,12_PUBLIC_SITE/README.md,INHERITS_NEAREST_OWNER,public source or compiled projection,private source authority or deployment claims without proof,PUBLIC_UNVERIFIED,1,KEEP_PUBLIC_PENDING_REVIEW,BOX_15_REQUIRED_FOR_ANY_PHYSICAL_MOTION,GENERATED_UNRATIFIED
12_PUBLIC_SITE/game,PUBLIC_COMPILED_OR_ASSET_LEAF,12_PUBLIC_SITE/README.md,INHERITS_NEAREST_OWNER,public source or compiled projection,private source authority or deployment claims without proof,PUBLIC_UNVERIFIED,1,KEEP_PUBLIC_PENDING_REVIEW,BOX_15_REQUIRED_FOR_ANY_PHYSICAL_MOTION,GENERATED_UNRATIFIED
12_PUBLIC_SITE/geometric-ontology,PUBLIC_COMPILED_OR_ASSET_LEAF,12_PUBLIC_SITE/README.md,INHERITS_NEAREST_OWNER,public source or compiled projection,private source authority or deployment claims without proof,PUBLIC_UNVERIFIED,1,KEEP_PUBLIC_PENDING_REVIEW,BOX_15_REQUIRED_FOR_ANY_PHYSICAL_MOTION,GENERATED_UNRATIFIED
12_PUBLIC_SITE/ground,PUBLIC_COMPILED_OR_ASSET_LEAF,12_PUBLIC_SITE/README.md,INHERITS_NEAREST_OWNER,public source or compiled projection,private source authority or deployment claims without proof,PUBLIC_UNVERIFIED,10,KEEP_PUBLIC_PENDING_REVIEW,BOX_15_REQUIRED_FOR_ANY_PHYSICAL_MOTION,GENERATED_UNRATIFIED
12_PUBLIC_SITE/ground/00-d5-d6-corpus-stabilization,PUBLIC_COMPILED_OR_ASSET_LEAF,12_PUBLIC_SITE/README.md,INHERITS_NEAREST_OWNER,public source or compiled projection,private source authority or deployment claims without proof,PUBLIC_UNVERIFIED,1,KEEP_PUBLIC_PENDING_REVIEW,BOX_15_REQUIRED_FOR_ANY_PHYSICAL_MOTION,GENERATED_UNRATIFIED
12_PUBLIC_SITE/ground/00-d6-as-apophatic-closure,PUBLIC_COMPILED_OR_ASSET_LEAF,12_PUBLIC_SITE/README.md,INHERITS_NEAREST_OWNER,public source or compiled projection,private source authority or deployment claims without proof,PUBLIC_UNVERIFIED,1,KEEP_PUBLIC_PENDING_REVIEW,BOX_15_REQUIRED_FOR_ANY_PHYSICAL_MOTION,GENERATED_UNRATIFIED
12_PUBLIC_SITE/ground/00-finity-as-ontological-boundary,PUBLIC_COMPILED_OR_ASSET_LEAF,12_PUBLIC_SITE/README.md,INHERITS_NEAREST_OWNER,public source or compiled projection,private source authority or deployment claims without proof,PUBLIC_UNVERIFIED,1,KEEP_PUBLIC_PENDING_REVIEW,BOX_15_REQUIRED_FOR_ANY_PHYSICAL_MOTION,GENERATED_UNRATIFIED
12_PUBLIC_SITE/ground/00-ontology-across-dimensions,PUBLIC_COMPILED_OR_ASSET_LEAF,12_PUBLIC_SITE/README.md,INHERITS_NEAREST_OWNER,public source or compiled projection,private source authority or deployment claims without proof,PUBLIC_UNVERIFIED,1,KEEP_PUBLIC_PENDING_REVIEW,BOX_15_REQUIRED_FOR_ANY_PHYSICAL_MOTION,GENERATED_UNRATIFIED
12_PUBLIC_SITE/ground/00-syncretic-map-audit,PUBLIC_COMPILED_OR_ASSET_LEAF,12_PUBLIC_SITE/README.md,INHERITS_NEAREST_OWNER,public source or compiled projection,private source authority or deployment claims without proof,PUBLIC_UNVERIFIED,1,KEEP_PUBLIC_PENDING_REVIEW,BOX_15_REQUIRED_FOR_ANY_PHYSICAL_MOTION,GENERATED_UNRATIFIED
12_PUBLIC_SITE/ground/00-the-ontology-of-being,PUBLIC_COMPILED_OR_ASSET_LEAF,12_PUBLIC_SITE/README.md,INHERITS_NEAREST_OWNER,public source or compiled projection,private source authority or deployment claims without proof,PUBLIC_UNVERIFIED,1,KEEP_PUBLIC_PENDING_REVIEW,BOX_15_REQUIRED_FOR_ANY_PHYSICAL_MOTION,GENERATED_UNRATIFIED
12_PUBLIC_SITE/ground/00-the-ring-that-is-the-ground,PUBLIC_COMPILED_OR_ASSET_LEAF,12_PUBLIC_SITE/README.md,INHERITS_NEAREST_OWNER,public source or compiled projection,private source authority or deployment claims without proof,PUBLIC_UNVERIFIED,1,KEEP_PUBLIC_PENDING_REVIEW,BOX_15_REQUIRED_FOR_ANY_PHYSICAL_MOTION,GENERATED_UNRATIFIED
12_PUBLIC_SITE/ground/00-the-syncretic-map,PUBLIC_COMPILED_OR_ASSET_LEAF,12_PUBLIC_SITE/README.md,INHERITS_NEAREST_OWNER,public source or compiled projection,private source authority or deployment claims without proof,PUBLIC_UNVERIFIED,1,KEEP_PUBLIC_PENDING_REVIEW,BOX_15_REQUIRED_FOR_ANY_PHYSICAL_MOTION,GENERATED_UNRATIFIED
12_PUBLIC_SITE/ground/01-apophatic-ground-and-field-structure,PUBLIC_COMPILED_OR_ASSET_LEAF,12_PUBLIC_SITE/README.md,INHERITS_NEAREST_OWNER,public source or compiled projection,private source authority or deployment claims without proof,PUBLIC_UNVERIFIED,1,KEEP_PUBLIC_PENDING_REVIEW,BOX_15_REQUIRED_FOR_ANY_PHYSICAL_MOTION,GENERATED_UNRATIFIED
12_PUBLIC_SITE/halahala,PUBLIC_COMPILED_OR_ASSET_LEAF,12_PUBLIC_SITE/README.md,INHERITS_NEAREST_OWNER,public source or compiled projection,private source authority or deployment claims without proof,PUBLIC_UNVERIFIED,3,KEEP_PUBLIC_PENDING_REVIEW,BOX_15_REQUIRED_FOR_ANY_PHYSICAL_MOTION,GENERATED_UNRATIFIED
12_PUBLIC_SITE/home,PUBLIC_COMPILED_OR_ASSET_LEAF,12_PUBLIC_SITE/README.md,INHERITS_NEAREST_OWNER,public source or compiled projection,private source authority or deployment claims without proof,PUBLIC_UNVERIFIED,1,KEEP_PUBLIC_PENDING_REVIEW,BOX_15_REQUIRED_FOR_ANY_PHYSICAL_MOTION,GENERATED_UNRATIFIED
12_PUBLIC_SITE/journey,PUBLIC_COMPILED_OR_ASSET_LEAF,12_PUBLIC_SITE/README.md,INHERITS_NEAREST_OWNER,public source or compiled projection,private source authority or deployment claims without proof,PUBLIC_UNVERIFIED,1,KEEP_PUBLIC_PENDING_REVIEW,BOX_15_REQUIRED_FOR_ANY_PHYSICAL_MOTION,GENERATED_UNRATIFIED
12_PUBLIC_SITE/log-realignment,PUBLIC_COMPILED_OR_ASSET_LEAF,12_PUBLIC_SITE/README.md,INHERITS_NEAREST_OWNER,public source or compiled projection,private source authority or deployment claims without proof,PUBLIC_UNVERIFIED,1,KEEP_PUBLIC_PENDING_REVIEW,BOX_15_REQUIRED_FOR_ANY_PHYSICAL_MOTION,GENERATED_UNRATIFIED
12_PUBLIC_SITE/map,PUBLIC_COMPILED_OR_ASSET_LEAF,12_PUBLIC_SITE/map/README.md,DIRECT_PRESENT,public source or compiled projection,private source authority or deployment claims without proof,PUBLIC_UNVERIFIED,4,KEEP_PUBLIC_PENDING_REVIEW,BOX_15_REQUIRED_FOR_ANY_PHYSICAL_MOTION,GENERATED_UNRATIFIED
12_PUBLIC_SITE/memetic,PUBLIC_COMPILED_OR_ASSET_LEAF,12_PUBLIC_SITE/README.md,INHERITS_NEAREST_OWNER,public source or compiled projection,private source authority or deployment claims without proof,PUBLIC_UNVERIFIED,7,KEEP_PUBLIC_PENDING_REVIEW,BOX_15_REQUIRED_FOR_ANY_PHYSICAL_MOTION,GENERATED_UNRATIFIED
12_PUBLIC_SITE/memetic/01-memes-hardware-software-conflict,PUBLIC_COMPILED_OR_ASSET_LEAF,12_PUBLIC_SITE/README.md,INHERITS_NEAREST_OWNER,public source or compiled projection,private source authority or deployment claims without proof,PUBLIC_UNVERIFIED,1,KEEP_PUBLIC_PENDING_REVIEW,BOX_15_REQUIRED_FOR_ANY_PHYSICAL_MOTION,GENERATED_UNRATIFIED
12_PUBLIC_SITE/memetic/02-memes-hardware-software-evolution,PUBLIC_COMPILED_OR_ASSET_LEAF,12_PUBLIC_SITE/README.md,INHERITS_NEAREST_OWNER,public source or compiled projection,private source authority or deployment claims without proof,PUBLIC_UNVERIFIED,1,KEEP_PUBLIC_PENDING_REVIEW,BOX_15_REQUIRED_FOR_ANY_PHYSICAL_MOTION,GENERATED_UNRATIFIED
12_PUBLIC_SITE/memetic/03-memes-mind-hardware-culture-software,PUBLIC_COMPILED_OR_ASSET_LEAF,12_PUBLIC_SITE/README.md,INHERITS_NEAREST_OWNER,public source or compiled projection,private source authority or deployment claims without proof,PUBLIC_UNVERIFIED,1,KEEP_PUBLIC_PENDING_REVIEW,BOX_15_REQUIRED_FOR_ANY_PHYSICAL_MOTION,GENERATED_UNRATIFIED
12_PUBLIC_SITE/memetic/04-anti-memetic-defense-architectures,PUBLIC_COMPILED_OR_ASSET_LEAF,12_PUBLIC_SITE/README.md,INHERITS_NEAREST_OWNER,public source or compiled projection,private source authority or deployment claims without proof,PUBLIC_UNVERIFIED,1,KEEP_PUBLIC_PENDING_REVIEW,BOX_15_REQUIRED_FOR_ANY_PHYSICAL_MOTION,GENERATED_UNRATIFIED
12_PUBLIC_SITE/memetic/05-ancient-egregore-architectures,PUBLIC_COMPILED_OR_ASSET_LEAF,12_PUBLIC_SITE/README.md,INHERITS_NEAREST_OWNER,public source or compiled projection,private source authority or deployment claims without proof,PUBLIC_UNVERIFIED,1,KEEP_PUBLIC_PENDING_REVIEW,BOX_15_REQUIRED_FOR_ANY_PHYSICAL_MOTION,GENERATED_UNRATIFIED
12_PUBLIC_SITE/memetic/06-applied-memetic-defense-strategies,PUBLIC_COMPILED_OR_ASSET_LEAF,12_PUBLIC_SITE/README.md,INHERITS_NEAREST_OWNER,public source or compiled projection,private source authority or deployment claims without proof,PUBLIC_UNVERIFIED,1,KEEP_PUBLIC_PENDING_REVIEW,BOX_15_REQUIRED_FOR_ANY_PHYSICAL_MOTION,GENERATED_UNRATIFIED
12_PUBLIC_SITE/meta,PUBLIC_COMPILED_OR_ASSET_LEAF,12_PUBLIC_SITE/README.md,INHERITS_NEAREST_OWNER,public source or compiled projection,private source authority or deployment claims without proof,PUBLIC_UNVERIFIED,7,KEEP_PUBLIC_PENDING_REVIEW,BOX_15_REQUIRED_FOR_ANY_PHYSICAL_MOTION,GENERATED_UNRATIFIED
12_PUBLIC_SITE/meta/00-constitutional-invariants-o1-staging-2026-05-30,PUBLIC_COMPILED_OR_ASSET_LEAF,12_PUBLIC_SITE/README.md,INHERITS_NEAREST_OWNER,public source or compiled projection,private source authority or deployment claims without proof,PUBLIC_UNVERIFIED,1,KEEP_PUBLIC_PENDING_REVIEW,BOX_15_REQUIRED_FOR_ANY_PHYSICAL_MOTION,GENERATED_UNRATIFIED
12_PUBLIC_SITE/meta/00-corpus,PUBLIC_COMPILED_OR_ASSET_LEAF,12_PUBLIC_SITE/README.md,INHERITS_NEAREST_OWNER,public source or compiled projection,private source authority or deployment claims without proof,PUBLIC_UNVERIFIED,1,KEEP_PUBLIC_PENDING_REVIEW,BOX_15_REQUIRED_FOR_ANY_PHYSICAL_MOTION,GENERATED_UNRATIFIED
12_PUBLIC_SITE/meta/00-d-level-studies,PUBLIC_COMPILED_OR_ASSET_LEAF,12_PUBLIC_SITE/README.md,INHERITS_NEAREST_OWNER,public source or compiled projection,private source authority or deployment claims without proof,PUBLIC_UNVERIFIED,1,KEEP_PUBLIC_PENDING_REVIEW,BOX_15_REQUIRED_FOR_ANY_PHYSICAL_MOTION,GENERATED_UNRATIFIED
12_PUBLIC_SITE/meta/00-known-unknowns-program,PUBLIC_COMPILED_OR_ASSET_LEAF,12_PUBLIC_SITE/README.md,INHERITS_NEAREST_OWNER,public source or compiled projection,private source authority or deployment claims without proof,PUBLIC_UNVERIFIED,1,KEEP_PUBLIC_PENDING_REVIEW,BOX_15_REQUIRED_FOR_ANY_PHYSICAL_MOTION,GENERATED_UNRATIFIED
12_PUBLIC_SITE/meta/00-the-remaining-questions,PUBLIC_COMPILED_OR_ASSET_LEAF,12_PUBLIC_SITE/README.md,INHERITS_NEAREST_OWNER,public source or compiled projection,private source authority or deployment claims without proof,PUBLIC_UNVERIFIED,1,KEEP_PUBLIC_PENDING_REVIEW,BOX_15_REQUIRED_FOR_ANY_PHYSICAL_MOTION,GENERATED_UNRATIFIED
12_PUBLIC_SITE/meta/00-what-is-actually-novel-here,PUBLIC_COMPILED_OR_ASSET_LEAF,12_PUBLIC_SITE/README.md,INHERITS_NEAREST_OWNER,public source or compiled projection,private source authority or deployment claims without proof,PUBLIC_UNVERIFIED,1,KEEP_PUBLIC_PENDING_REVIEW,BOX_15_REQUIRED_FOR_ANY_PHYSICAL_MOTION,GENERATED_UNRATIFIED
12_PUBLIC_SITE/method,PUBLIC_COMPILED_OR_ASSET_LEAF,12_PUBLIC_SITE/README.md,INHERITS_NEAREST_OWNER,public source or compiled projection,private source authority or deployment claims without proof,PUBLIC_UNVERIFIED,13,KEEP_PUBLIC_PENDING_REVIEW,BOX_15_REQUIRED_FOR_ANY_PHYSICAL_MOTION,GENERATED_UNRATIFIED
12_PUBLIC_SITE/method/00-constitutional-science,PUBLIC_COMPILED_OR_ASSET_LEAF,12_PUBLIC_SITE/README.md,INHERITS_NEAREST_OWNER,public source or compiled projection,private source authority or deployment claims without proof,PUBLIC_UNVERIFIED,1,KEEP_PUBLIC_PENDING_REVIEW,BOX_15_REQUIRED_FOR_ANY_PHYSICAL_MOTION,GENERATED_UNRATIFIED
12_PUBLIC_SITE/method/00-d5-as-the-research-engine,PUBLIC_COMPILED_OR_ASSET_LEAF,12_PUBLIC_SITE/README.md,INHERITS_NEAREST_OWNER,public source or compiled projection,private source authority or deployment claims without proof,PUBLIC_UNVERIFIED,1,KEEP_PUBLIC_PENDING_REVIEW,BOX_15_REQUIRED_FOR_ANY_PHYSICAL_MOTION,GENERATED_UNRATIFIED
12_PUBLIC_SITE/method/00-equatorial-balance-maximum-prereg,PUBLIC_COMPILED_OR_ASSET_LEAF,12_PUBLIC_SITE/README.md,INHERITS_NEAREST_OWNER,public source or compiled projection,private source authority or deployment claims without proof,PUBLIC_UNVERIFIED,1,KEEP_PUBLIC_PENDING_REVIEW,BOX_15_REQUIRED_FOR_ANY_PHYSICAL_MOTION,GENERATED_UNRATIFIED
12_PUBLIC_SITE/method/00-syntropic-known-unknowns-protocol,PUBLIC_COMPILED_OR_ASSET_LEAF,12_PUBLIC_SITE/README.md,INHERITS_NEAREST_OWNER,public source or compiled projection,private source authority or deployment claims without proof,PUBLIC_UNVERIFIED,1,KEEP_PUBLIC_PENDING_REVIEW,BOX_15_REQUIRED_FOR_ANY_PHYSICAL_MOTION,GENERATED_UNRATIFIED
12_PUBLIC_SITE/method/00-the-derivation,PUBLIC_COMPILED_OR_ASSET_LEAF,12_PUBLIC_SITE/README.md,INHERITS_NEAREST_OWNER,public source or compiled projection,private source authority or deployment claims without proof,PUBLIC_UNVERIFIED,1,KEEP_PUBLIC_PENDING_REVIEW,BOX_15_REQUIRED_FOR_ANY_PHYSICAL_MOTION,GENERATED_UNRATIFIED
12_PUBLIC_SITE/method/00-the-doctrinal-ladder,PUBLIC_COMPILED_OR_ASSET_LEAF,12_PUBLIC_SITE/README.md,INHERITS_NEAREST_OWNER,public source or compiled projection,private source authority or deployment claims without proof,PUBLIC_UNVERIFIED,1,KEEP_PUBLIC_PENDING_REVIEW,BOX_15_REQUIRED_FOR_ANY_PHYSICAL_MOTION,GENERATED_UNRATIFIED
12_PUBLIC_SITE/method/00-what-actually-tests-the-theory,PUBLIC_COMPILED_OR_ASSET_LEAF,12_PUBLIC_SITE/README.md,INHERITS_NEAREST_OWNER,public source or compiled projection,private source authority or deployment claims without proof,PUBLIC_UNVERIFIED,1,KEEP_PUBLIC_PENDING_REVIEW,BOX_15_REQUIRED_FOR_ANY_PHYSICAL_MOTION,GENERATED_UNRATIFIED
12_PUBLIC_SITE/method/00-why-these-axioms,PUBLIC_COMPILED_OR_ASSET_LEAF,12_PUBLIC_SITE/README.md,INHERITS_NEAREST_OWNER,public source or compiled projection,private source authority or deployment claims without proof,PUBLIC_UNVERIFIED,1,KEEP_PUBLIC_PENDING_REVIEW,BOX_15_REQUIRED_FOR_ANY_PHYSICAL_MOTION,GENERATED_UNRATIFIED
12_PUBLIC_SITE/method/01-equatorial-balance-maximum-results-pilot,PUBLIC_COMPILED_OR_ASSET_LEAF,12_PUBLIC_SITE/README.md,INHERITS_NEAREST_OWNER,public source or compiled projection,private source authority or deployment claims without proof,PUBLIC_UNVERIFIED,1,KEEP_PUBLIC_PENDING_REVIEW,BOX_15_REQUIRED_FOR_ANY_PHYSICAL_MOTION,GENERATED_UNRATIFIED
12_PUBLIC_SITE/method/01-the-anumana-audit-protocol,PUBLIC_COMPILED_OR_ASSET_LEAF,12_PUBLIC_SITE/README.md,INHERITS_NEAREST_OWNER,public source or compiled projection,private source authority or deployment claims without proof,PUBLIC_UNVERIFIED,1,KEEP_PUBLIC_PENDING_REVIEW,BOX_15_REQUIRED_FOR_ANY_PHYSICAL_MOTION,GENERATED_UNRATIFIED
12_PUBLIC_SITE/method/02-macro-constraint-causal-emergence-prereg,PUBLIC_COMPILED_OR_ASSET_LEAF,12_PUBLIC_SITE/README.md,INHERITS_NEAREST_OWNER,public source or compiled projection,private source authority or deployment claims without proof,PUBLIC_UNVERIFIED,1,KEEP_PUBLIC_PENDING_REVIEW,BOX_15_REQUIRED_FOR_ANY_PHYSICAL_MOTION,GENERATED_UNRATIFIED
12_PUBLIC_SITE/method/03-physics-to-biology-macro-constraint-run-sheet,PUBLIC_COMPILED_OR_ASSET_LEAF,12_PUBLIC_SITE/README.md,INHERITS_NEAREST_OWNER,public source or compiled projection,private source authority or deployment claims without proof,PUBLIC_UNVERIFIED,1,KEEP_PUBLIC_PENDING_REVIEW,BOX_15_REQUIRED_FOR_ANY_PHYSICAL_MOTION,GENERATED_UNRATIFIED
12_PUBLIC_SITE/methodology,PUBLIC_COMPILED_OR_ASSET_LEAF,12_PUBLIC_SITE/README.md,INHERITS_NEAREST_OWNER,public source or compiled projection,private source authority or deployment claims without proof,PUBLIC_UNVERIFIED,1,KEEP_PUBLIC_PENDING_REVIEW,BOX_15_REQUIRED_FOR_ANY_PHYSICAL_MOTION,GENERATED_UNRATIFIED
12_PUBLIC_SITE/offline,PUBLIC_COMPILED_OR_ASSET_LEAF,12_PUBLIC_SITE/README.md,INHERITS_NEAREST_OWNER,public source or compiled projection,private source authority or deployment claims without proof,PUBLIC_UNVERIFIED,1,KEEP_PUBLIC_PENDING_REVIEW,BOX_15_REQUIRED_FOR_ANY_PHYSICAL_MOTION,GENERATED_UNRATIFIED
12_PUBLIC_SITE/ontology,PUBLIC_COMPILED_OR_ASSET_LEAF,12_PUBLIC_SITE/README.md,INHERITS_NEAREST_OWNER,public source or compiled projection,private source authority or deployment claims without proof,PUBLIC_UNVERIFIED,1,KEEP_PUBLIC_PENDING_REVIEW,BOX_15_REQUIRED_FOR_ANY_PHYSICAL_MOTION,GENERATED_UNRATIFIED
12_PUBLIC_SITE/operators,PUBLIC_COMPILED_OR_ASSET_LEAF,12_PUBLIC_SITE/README.md,INHERITS_NEAREST_OWNER,public source or compiled projection,private source authority or deployment claims without proof,PUBLIC_UNVERIFIED,30,KEEP_PUBLIC_PENDING_REVIEW,BOX_15_REQUIRED_FOR_ANY_PHYSICAL_MOTION,GENERATED_UNRATIFIED
12_PUBLIC_SITE/operators/mf-281-the-replicator-decomposition,PUBLIC_COMPILED_OR_ASSET_LEAF,12_PUBLIC_SITE/README.md,INHERITS_NEAREST_OWNER,public source or compiled projection,private source authority or deployment claims without proof,PUBLIC_UNVERIFIED,1,KEEP_PUBLIC_PENDING_REVIEW,BOX_15_REQUIRED_FOR_ANY_PHYSICAL_MOTION,GENERATED_UNRATIFIED
12_PUBLIC_SITE/operators/mf-282-the-operator-stack-correspondence,PUBLIC_COMPILED_OR_ASSET_LEAF,12_PUBLIC_SITE/README.md,INHERITS_NEAREST_OWNER,public source or compiled projection,private source authority or deployment claims without proof,PUBLIC_UNVERIFIED,1,KEEP_PUBLIC_PENDING_REVIEW,BOX_15_REQUIRED_FOR_ANY_PHYSICAL_MOTION,GENERATED_UNRATIFIED
12_PUBLIC_SITE/operators/mf-283-the-orthogonality-theorem-v2,PUBLIC_COMPILED_OR_ASSET_LEAF,12_PUBLIC_SITE/README.md,INHERITS_NEAREST_OWNER,public source or compiled projection,private source authority or deployment claims without proof,PUBLIC_UNVERIFIED,1,KEEP_PUBLIC_PENDING_REVIEW,BOX_15_REQUIRED_FOR_ANY_PHYSICAL_MOTION,GENERATED_UNRATIFIED
12_PUBLIC_SITE/operators/mf-284-the-gods-are-f5,PUBLIC_COMPILED_OR_ASSET_LEAF,12_PUBLIC_SITE/README.md,INHERITS_NEAREST_OWNER,public source or compiled projection,private source authority or deployment claims without proof,PUBLIC_UNVERIFIED,1,KEEP_PUBLIC_PENDING_REVIEW,BOX_15_REQUIRED_FOR_ANY_PHYSICAL_MOTION,GENERATED_UNRATIFIED
12_PUBLIC_SITE/operators/mf-285-dreams-are-unanchored-d5,PUBLIC_COMPILED_OR_ASSET_LEAF,12_PUBLIC_SITE/README.md,INHERITS_NEAREST_OWNER,public source or compiled projection,private source authority or deployment claims without proof,PUBLIC_UNVERIFIED,1,KEEP_PUBLIC_PENDING_REVIEW,BOX_15_REQUIRED_FOR_ANY_PHYSICAL_MOTION,GENERATED_UNRATIFIED
12_PUBLIC_SITE/operators/mf-286-the-mu-limit-crossing,PUBLIC_COMPILED_OR_ASSET_LEAF,12_PUBLIC_SITE/README.md,INHERITS_NEAREST_OWNER,public source or compiled projection,private source authority or deployment claims without proof,PUBLIC_UNVERIFIED,1,KEEP_PUBLIC_PENDING_REVIEW,BOX_15_REQUIRED_FOR_ANY_PHYSICAL_MOTION,GENERATED_UNRATIFIED
12_PUBLIC_SITE/operators/mf-287-wigners-puzzle-dissolved,PUBLIC_COMPILED_OR_ASSET_LEAF,12_PUBLIC_SITE/README.md,INHERITS_NEAREST_OWNER,public source or compiled projection,private source authority or deployment claims without proof,PUBLIC_UNVERIFIED,1,KEEP_PUBLIC_PENDING_REVIEW,BOX_15_REQUIRED_FOR_ANY_PHYSICAL_MOTION,GENERATED_UNRATIFIED
12_PUBLIC_SITE/operators/mf-288-money-is-the-born-rule,PUBLIC_COMPILED_OR_ASSET_LEAF,12_PUBLIC_SITE/README.md,INHERITS_NEAREST_OWNER,public source or compiled projection,private source authority or deployment claims without proof,PUBLIC_UNVERIFIED,1,KEEP_PUBLIC_PENDING_REVIEW,BOX_15_REQUIRED_FOR_ANY_PHYSICAL_MOTION,GENERATED_UNRATIFIED
12_PUBLIC_SITE/operators/mf-289-the-hard-problem-is-i,PUBLIC_COMPILED_OR_ASSET_LEAF,12_PUBLIC_SITE/README.md,INHERITS_NEAREST_OWNER,public source or compiled projection,private source authority or deployment claims without proof,PUBLIC_UNVERIFIED,1,KEEP_PUBLIC_PENDING_REVIEW,BOX_15_REQUIRED_FOR_ANY_PHYSICAL_MOTION,GENERATED_UNRATIFIED
12_PUBLIC_SITE/operators/mf-290-the-ektropic-radius-v2,PUBLIC_COMPILED_OR_ASSET_LEAF,12_PUBLIC_SITE/README.md,INHERITS_NEAREST_OWNER,public source or compiled projection,private source authority or deployment claims without proof,PUBLIC_UNVERIFIED,1,KEEP_PUBLIC_PENDING_REVIEW,BOX_15_REQUIRED_FOR_ANY_PHYSICAL_MOTION,GENERATED_UNRATIFIED
12_PUBLIC_SITE/operators/mf-291-the-landauer-horn,PUBLIC_COMPILED_OR_ASSET_LEAF,12_PUBLIC_SITE/README.md,INHERITS_NEAREST_OWNER,public source or compiled projection,private source authority or deployment claims without proof,PUBLIC_UNVERIFIED,1,KEEP_PUBLIC_PENDING_REVIEW,BOX_15_REQUIRED_FOR_ANY_PHYSICAL_MOTION,GENERATED_UNRATIFIED
12_PUBLIC_SITE/operators/mf-292-the-bekenstein-ceiling,PUBLIC_COMPILED_OR_ASSET_LEAF,12_PUBLIC_SITE/README.md,INHERITS_NEAREST_OWNER,public source or compiled projection,private source authority or deployment claims without proof,PUBLIC_UNVERIFIED,1,KEEP_PUBLIC_PENDING_REVIEW,BOX_15_REQUIRED_FOR_ANY_PHYSICAL_MOTION,GENERATED_UNRATIFIED
12_PUBLIC_SITE/operators/mf-293-language-is-bandwidth,PUBLIC_COMPILED_OR_ASSET_LEAF,12_PUBLIC_SITE/README.md,INHERITS_NEAREST_OWNER,public source or compiled projection,private source authority or deployment claims without proof,PUBLIC_UNVERIFIED,1,KEEP_PUBLIC_PENDING_REVIEW,BOX_15_REQUIRED_FOR_ANY_PHYSICAL_MOTION,GENERATED_UNRATIFIED
12_PUBLIC_SITE/operators/mf-294-egregores-are-horn-networks,PUBLIC_COMPILED_OR_ASSET_LEAF,12_PUBLIC_SITE/README.md,INHERITS_NEAREST_OWNER,public source or compiled projection,private source authority or deployment claims without proof,PUBLIC_UNVERIFIED,1,KEEP_PUBLIC_PENDING_REVIEW,BOX_15_REQUIRED_FOR_ANY_PHYSICAL_MOTION,GENERATED_UNRATIFIED
12_PUBLIC_SITE/operators/mf-295-c-bounds-the-moral-circle,PUBLIC_COMPILED_OR_ASSET_LEAF,12_PUBLIC_SITE/README.md,INHERITS_NEAREST_OWNER,public source or compiled projection,private source authority or deployment claims without proof,PUBLIC_UNVERIFIED,1,KEEP_PUBLIC_PENDING_REVIEW,BOX_15_REQUIRED_FOR_ANY_PHYSICAL_MOTION,GENERATED_UNRATIFIED
12_PUBLIC_SITE/operators/mf-296-gravity-is-time,PUBLIC_COMPILED_OR_ASSET_LEAF,12_PUBLIC_SITE/README.md,INHERITS_NEAREST_OWNER,public source or compiled projection,private source authority or deployment claims without proof,PUBLIC_UNVERIFIED,1,KEEP_PUBLIC_PENDING_REVIEW,BOX_15_REQUIRED_FOR_ANY_PHYSICAL_MOTION,GENERATED_UNRATIFIED
12_PUBLIC_SITE/operators/mf-297-alpha-is-the-coupling,PUBLIC_COMPILED_OR_ASSET_LEAF,12_PUBLIC_SITE/README.md,INHERITS_NEAREST_OWNER,public source or compiled projection,private source authority or deployment claims without proof,PUBLIC_UNVERIFIED,1,KEEP_PUBLIC_PENDING_REVIEW,BOX_15_REQUIRED_FOR_ANY_PHYSICAL_MOTION,GENERATED_UNRATIFIED
12_PUBLIC_SITE/operators/mf-298-dark-matter-is-mutual-information,PUBLIC_COMPILED_OR_ASSET_LEAF,12_PUBLIC_SITE/README.md,INHERITS_NEAREST_OWNER,public source or compiled projection,private source authority or deployment claims without proof,PUBLIC_UNVERIFIED,1,KEEP_PUBLIC_PENDING_REVIEW,BOX_15_REQUIRED_FOR_ANY_PHYSICAL_MOTION,GENERATED_UNRATIFIED
12_PUBLIC_SITE/operators/mf-299-hawking-radiation-is-a7,PUBLIC_COMPILED_OR_ASSET_LEAF,12_PUBLIC_SITE/README.md,INHERITS_NEAREST_OWNER,public source or compiled projection,private source authority or deployment claims without proof,PUBLIC_UNVERIFIED,1,KEEP_PUBLIC_PENDING_REVIEW,BOX_15_REQUIRED_FOR_ANY_PHYSICAL_MOTION,GENERATED_UNRATIFIED
12_PUBLIC_SITE/operators/mf-300-cancer-is-cellular-raktabija,PUBLIC_COMPILED_OR_ASSET_LEAF,12_PUBLIC_SITE/README.md,INHERITS_NEAREST_OWNER,public source or compiled projection,private source authority or deployment claims without proof,PUBLIC_UNVERIFIED,1,KEEP_PUBLIC_PENDING_REVIEW,BOX_15_REQUIRED_FOR_ANY_PHYSICAL_MOTION,GENERATED_UNRATIFIED
12_PUBLIC_SITE/operators/mf-301-photosynthesis-is-the-original-f5,PUBLIC_COMPILED_OR_ASSET_LEAF,12_PUBLIC_SITE/README.md,INHERITS_NEAREST_OWNER,public source or compiled projection,private source authority or deployment claims without proof,PUBLIC_UNVERIFIED,1,KEEP_PUBLIC_PENDING_REVIEW,BOX_15_REQUIRED_FOR_ANY_PHYSICAL_MOTION,GENERATED_UNRATIFIED
12_PUBLIC_SITE/operators/mf-63-mobius-operators,PUBLIC_COMPILED_OR_ASSET_LEAF,12_PUBLIC_SITE/README.md,INHERITS_NEAREST_OWNER,public source or compiled projection,private source authority or deployment claims without proof,PUBLIC_UNVERIFIED,1,KEEP_PUBLIC_PENDING_REVIEW,BOX_15_REQUIRED_FOR_ANY_PHYSICAL_MOTION,GENERATED_UNRATIFIED
12_PUBLIC_SITE/operators/mf-64-berry-phase,PUBLIC_COMPILED_OR_ASSET_LEAF,12_PUBLIC_SITE/README.md,INHERITS_NEAREST_OWNER,public source or compiled projection,private source authority or deployment claims without proof,PUBLIC_UNVERIFIED,1,KEEP_PUBLIC_PENDING_REVIEW,BOX_15_REQUIRED_FOR_ANY_PHYSICAL_MOTION,GENERATED_UNRATIFIED
12_PUBLIC_SITE/operators/mf-65-curvature-transition,PUBLIC_COMPILED_OR_ASSET_LEAF,12_PUBLIC_SITE/README.md,INHERITS_NEAREST_OWNER,public source or compiled projection,private source authority or deployment claims without proof,PUBLIC_UNVERIFIED,1,KEEP_PUBLIC_PENDING_REVIEW,BOX_15_REQUIRED_FOR_ANY_PHYSICAL_MOTION,GENERATED_UNRATIFIED
12_PUBLIC_SITE/operators/mf-66-mandelbrot-consciousness,PUBLIC_COMPILED_OR_ASSET_LEAF,12_PUBLIC_SITE/README.md,INHERITS_NEAREST_OWNER,public source or compiled projection,private source authority or deployment claims without proof,PUBLIC_UNVERIFIED,1,KEEP_PUBLIC_PENDING_REVIEW,BOX_15_REQUIRED_FOR_ANY_PHYSICAL_MOTION,GENERATED_UNRATIFIED
12_PUBLIC_SITE/operators/mf-67-double-cover-privacy,PUBLIC_COMPILED_OR_ASSET_LEAF,12_PUBLIC_SITE/README.md,INHERITS_NEAREST_OWNER,public source or compiled projection,private source authority or deployment claims without proof,PUBLIC_UNVERIFIED,1,KEEP_PUBLIC_PENDING_REVIEW,BOX_15_REQUIRED_FOR_ANY_PHYSICAL_MOTION,GENERATED_UNRATIFIED
12_PUBLIC_SITE/operators/mf-68-area-measure,PUBLIC_COMPILED_OR_ASSET_LEAF,12_PUBLIC_SITE/README.md,INHERITS_NEAREST_OWNER,public source or compiled projection,private source authority or deployment claims without proof,PUBLIC_UNVERIFIED,1,KEEP_PUBLIC_PENDING_REVIEW,BOX_15_REQUIRED_FOR_ANY_PHYSICAL_MOTION,GENERATED_UNRATIFIED
12_PUBLIC_SITE/operators/mf-69-horned-torus-relativity,PUBLIC_COMPILED_OR_ASSET_LEAF,12_PUBLIC_SITE/README.md,INHERITS_NEAREST_OWNER,public source or compiled projection,private source authority or deployment claims without proof,PUBLIC_UNVERIFIED,1,KEEP_PUBLIC_PENDING_REVIEW,BOX_15_REQUIRED_FOR_ANY_PHYSICAL_MOTION,GENERATED_UNRATIFIED
12_PUBLIC_SITE/operators/mf-70-kali-closes-sphere,PUBLIC_COMPILED_OR_ASSET_LEAF,12_PUBLIC_SITE/README.md,INHERITS_NEAREST_OWNER,public source or compiled projection,private source authority or deployment claims without proof,PUBLIC_UNVERIFIED,1,KEEP_PUBLIC_PENDING_REVIEW,BOX_15_REQUIRED_FOR_ANY_PHYSICAL_MOTION,GENERATED_UNRATIFIED
12_PUBLIC_SITE/papers,PUBLIC_COMPILED_OR_ASSET_LEAF,12_PUBLIC_SITE/README.md,INHERITS_NEAREST_OWNER,public source or compiled projection,private source authority or deployment claims without proof,PUBLIC_UNVERIFIED,27,KEEP_PUBLIC_PENDING_REVIEW,BOX_15_REQUIRED_FOR_ANY_PHYSICAL_MOTION,GENERATED_UNRATIFIED
12_PUBLIC_SITE/papers/paper-a-frame-algebra,PUBLIC_COMPILED_OR_ASSET_LEAF,12_PUBLIC_SITE/README.md,INHERITS_NEAREST_OWNER,public source or compiled projection,private source authority or deployment claims without proof,PUBLIC_UNVERIFIED,1,KEEP_PUBLIC_PENDING_REVIEW,BOX_15_REQUIRED_FOR_ANY_PHYSICAL_MOTION,GENERATED_UNRATIFIED
12_PUBLIC_SITE/papers/paper-b-bloch-burri-identity,PUBLIC_COMPILED_OR_ASSET_LEAF,12_PUBLIC_SITE/README.md,INHERITS_NEAREST_OWNER,public source or compiled projection,private source authority or deployment claims without proof,PUBLIC_UNVERIFIED,1,KEEP_PUBLIC_PENDING_REVIEW,BOX_15_REQUIRED_FOR_ANY_PHYSICAL_MOTION,GENERATED_UNRATIFIED
12_PUBLIC_SITE/papers/paper-c-photon-unit-of-account,PUBLIC_COMPILED_OR_ASSET_LEAF,12_PUBLIC_SITE/README.md,INHERITS_NEAREST_OWNER,public source or compiled projection,private source authority or deployment claims without proof,PUBLIC_UNVERIFIED,1,KEEP_PUBLIC_PENDING_REVIEW,BOX_15_REQUIRED_FOR_ANY_PHYSICAL_MOTION,GENERATED_UNRATIFIED
12_PUBLIC_SITE/papers/paper-d-wave-particle-duality,PUBLIC_COMPILED_OR_ASSET_LEAF,12_PUBLIC_SITE/README.md,INHERITS_NEAREST_OWNER,public source or compiled projection,private source authority or deployment claims without proof,PUBLIC_UNVERIFIED,1,KEEP_PUBLIC_PENDING_REVIEW,BOX_15_REQUIRED_FOR_ANY_PHYSICAL_MOTION,GENERATED_UNRATIFIED
12_PUBLIC_SITE/papers/paper-e-uncertainty-principle,PUBLIC_COMPILED_OR_ASSET_LEAF,12_PUBLIC_SITE/README.md,INHERITS_NEAREST_OWNER,public source or compiled projection,private source authority or deployment claims without proof,PUBLIC_UNVERIFIED,1,KEEP_PUBLIC_PENDING_REVIEW,BOX_15_REQUIRED_FOR_ANY_PHYSICAL_MOTION,GENERATED_UNRATIFIED
12_PUBLIC_SITE/papers/paper-f-k-minimal,PUBLIC_COMPILED_OR_ASSET_LEAF,12_PUBLIC_SITE/README.md,INHERITS_NEAREST_OWNER,public source or compiled projection,private source authority or deployment claims without proof,PUBLIC_UNVERIFIED,1,KEEP_PUBLIC_PENDING_REVIEW,BOX_15_REQUIRED_FOR_ANY_PHYSICAL_MOTION,GENERATED_UNRATIFIED
12_PUBLIC_SITE/papers/paper-g-biological-predictions,PUBLIC_COMPILED_OR_ASSET_LEAF,12_PUBLIC_SITE/README.md,INHERITS_NEAREST_OWNER,public source or compiled projection,private source authority or deployment claims without proof,PUBLIC_UNVERIFIED,1,KEEP_PUBLIC_PENDING_REVIEW,BOX_15_REQUIRED_FOR_ANY_PHYSICAL_MOTION,GENERATED_UNRATIFIED
12_PUBLIC_SITE/papers/paper-h-dimensional-cosmological,PUBLIC_COMPILED_OR_ASSET_LEAF,12_PUBLIC_SITE/README.md,INHERITS_NEAREST_OWNER,public source or compiled projection,private source authority or deployment claims without proof,PUBLIC_UNVERIFIED,1,KEEP_PUBLIC_PENDING_REVIEW,BOX_15_REQUIRED_FOR_ANY_PHYSICAL_MOTION,GENERATED_UNRATIFIED
12_PUBLIC_SITE/papers/paper-i-known-unknowns-program,PUBLIC_COMPILED_OR_ASSET_LEAF,12_PUBLIC_SITE/README.md,INHERITS_NEAREST_OWNER,public source or compiled projection,private source authority or deployment claims without proof,PUBLIC_UNVERIFIED,1,KEEP_PUBLIC_PENDING_REVIEW,BOX_15_REQUIRED_FOR_ANY_PHYSICAL_MOTION,GENERATED_UNRATIFIED
12_PUBLIC_SITE/papers/paper-i-the-two-faces-of-number,PUBLIC_COMPILED_OR_ASSET_LEAF,12_PUBLIC_SITE/README.md,INHERITS_NEAREST_OWNER,public source or compiled projection,private source authority or deployment claims without proof,PUBLIC_UNVERIFIED,1,KEEP_PUBLIC_PENDING_REVIEW,BOX_15_REQUIRED_FOR_ANY_PHYSICAL_MOTION,GENERATED_UNRATIFIED
12_PUBLIC_SITE/papers/paper-ii-division-by-zero-as-category-correction,PUBLIC_COMPILED_OR_ASSET_LEAF,12_PUBLIC_SITE/README.md,INHERITS_NEAREST_OWNER,public source or compiled projection,private source authority or deployment claims without proof,PUBLIC_UNVERIFIED,1,KEEP_PUBLIC_PENDING_REVIEW,BOX_15_REQUIRED_FOR_ANY_PHYSICAL_MOTION,GENERATED_UNRATIFIED
12_PUBLIC_SITE/papers/paper-iii-a-product-constraint-as-a-structural-ethic,PUBLIC_COMPILED_OR_ASSET_LEAF,12_PUBLIC_SITE/README.md,INHERITS_NEAREST_OWNER,public source or compiled projection,private source authority or deployment claims without proof,PUBLIC_UNVERIFIED,1,KEEP_PUBLIC_PENDING_REVIEW,BOX_15_REQUIRED_FOR_ANY_PHYSICAL_MOTION,GENERATED_UNRATIFIED
12_PUBLIC_SITE/papers/paper-j-protocol-r-without-lab,PUBLIC_COMPILED_OR_ASSET_LEAF,12_PUBLIC_SITE/README.md,INHERITS_NEAREST_OWNER,public source or compiled projection,private source authority or deployment claims without proof,PUBLIC_UNVERIFIED,1,KEEP_PUBLIC_PENDING_REVIEW,BOX_15_REQUIRED_FOR_ANY_PHYSICAL_MOTION,GENERATED_UNRATIFIED
12_PUBLIC_SITE/papers/paper-k-amrita-at-zero-cost,PUBLIC_COMPILED_OR_ASSET_LEAF,12_PUBLIC_SITE/README.md,INHERITS_NEAREST_OWNER,public source or compiled projection,private source authority or deployment claims without proof,PUBLIC_UNVERIFIED,1,KEEP_PUBLIC_PENDING_REVIEW,BOX_15_REQUIRED_FOR_ANY_PHYSICAL_MOTION,GENERATED_UNRATIFIED
12_PUBLIC_SITE/papers/paper-l-phi-meter-correlation,PUBLIC_COMPILED_OR_ASSET_LEAF,12_PUBLIC_SITE/README.md,INHERITS_NEAREST_OWNER,public source or compiled projection,private source authority or deployment claims without proof,PUBLIC_UNVERIFIED,1,KEEP_PUBLIC_PENDING_REVIEW,BOX_15_REQUIRED_FOR_ANY_PHYSICAL_MOTION,GENERATED_UNRATIFIED
12_PUBLIC_SITE/papers/paper-m-the-sphere-as-translation-layer,PUBLIC_COMPILED_OR_ASSET_LEAF,12_PUBLIC_SITE/README.md,INHERITS_NEAREST_OWNER,public source or compiled projection,private source authority or deployment claims without proof,PUBLIC_UNVERIFIED,1,KEEP_PUBLIC_PENDING_REVIEW,BOX_15_REQUIRED_FOR_ANY_PHYSICAL_MOTION,GENERATED_UNRATIFIED
12_PUBLIC_SITE/papers/paper-n-productive-transcendental-wagers,PUBLIC_COMPILED_OR_ASSET_LEAF,12_PUBLIC_SITE/README.md,INHERITS_NEAREST_OWNER,public source or compiled projection,private source authority or deployment claims without proof,PUBLIC_UNVERIFIED,1,KEEP_PUBLIC_PENDING_REVIEW,BOX_15_REQUIRED_FOR_ANY_PHYSICAL_MOTION,GENERATED_UNRATIFIED
12_PUBLIC_SITE/papers/paper-o-strong-weak-emergence-d5,PUBLIC_COMPILED_OR_ASSET_LEAF,12_PUBLIC_SITE/README.md,INHERITS_NEAREST_OWNER,public source or compiled projection,private source authority or deployment claims without proof,PUBLIC_UNVERIFIED,1,KEEP_PUBLIC_PENDING_REVIEW,BOX_15_REQUIRED_FOR_ANY_PHYSICAL_MOTION,GENERATED_UNRATIFIED
12_PUBLIC_SITE/papers/paper-p-su3-obstruction-bare-s2,PUBLIC_COMPILED_OR_ASSET_LEAF,12_PUBLIC_SITE/README.md,INHERITS_NEAREST_OWNER,public source or compiled projection,private source authority or deployment claims without proof,PUBLIC_UNVERIFIED,1,KEEP_PUBLIC_PENDING_REVIEW,BOX_15_REQUIRED_FOR_ANY_PHYSICAL_MOTION,GENERATED_UNRATIFIED
12_PUBLIC_SITE/papers/paper-t-anti-idolatry-at-scale,PUBLIC_COMPILED_OR_ASSET_LEAF,12_PUBLIC_SITE/README.md,INHERITS_NEAREST_OWNER,public source or compiled projection,private source authority or deployment claims without proof,PUBLIC_UNVERIFIED,1,KEEP_PUBLIC_PENDING_REVIEW,BOX_15_REQUIRED_FOR_ANY_PHYSICAL_MOTION,GENERATED_UNRATIFIED
12_PUBLIC_SITE/papers/paper-u-the-practice-bridge,PUBLIC_COMPILED_OR_ASSET_LEAF,12_PUBLIC_SITE/README.md,INHERITS_NEAREST_OWNER,public source or compiled projection,private source authority or deployment claims without proof,PUBLIC_UNVERIFIED,1,KEEP_PUBLIC_PENDING_REVIEW,BOX_15_REQUIRED_FOR_ANY_PHYSICAL_MOTION,GENERATED_UNRATIFIED
12_PUBLIC_SITE/papers/paper-v-steelman,PUBLIC_COMPILED_OR_ASSET_LEAF,12_PUBLIC_SITE/README.md,INHERITS_NEAREST_OWNER,public source or compiled projection,private source authority or deployment claims without proof,PUBLIC_UNVERIFIED,1,KEEP_PUBLIC_PENDING_REVIEW,BOX_15_REQUIRED_FOR_ANY_PHYSICAL_MOTION,GENERATED_UNRATIFIED
12_PUBLIC_SITE/papers/paper-vi-emergence-as-lens-on-dasein,PUBLIC_COMPILED_OR_ASSET_LEAF,12_PUBLIC_SITE/README.md,INHERITS_NEAREST_OWNER,public source or compiled projection,private source authority or deployment claims without proof,PUBLIC_UNVERIFIED,1,KEEP_PUBLIC_PENDING_REVIEW,BOX_15_REQUIRED_FOR_ANY_PHYSICAL_MOTION,GENERATED_UNRATIFIED
12_PUBLIC_SITE/papers/paper-vii-finity-submission,PUBLIC_COMPILED_OR_ASSET_LEAF,12_PUBLIC_SITE/README.md,INHERITS_NEAREST_OWNER,public source or compiled projection,private source authority or deployment claims without proof,PUBLIC_UNVERIFIED,1,KEEP_PUBLIC_PENDING_REVIEW,BOX_15_REQUIRED_FOR_ANY_PHYSICAL_MOTION,GENERATED_UNRATIFIED
12_PUBLIC_SITE/papers/paper-w-present-awareness-as-fulcrum,PUBLIC_COMPILED_OR_ASSET_LEAF,12_PUBLIC_SITE/README.md,INHERITS_NEAREST_OWNER,public source or compiled projection,private source authority or deployment claims without proof,PUBLIC_UNVERIFIED,1,KEEP_PUBLIC_PENDING_REVIEW,BOX_15_REQUIRED_FOR_ANY_PHYSICAL_MOTION,GENERATED_UNRATIFIED
12_PUBLIC_SITE/papers/paper-x-information-topology-and-macro-constraints,PUBLIC_COMPILED_OR_ASSET_LEAF,12_PUBLIC_SITE/README.md,INHERITS_NEAREST_OWNER,public source or compiled projection,private source authority or deployment claims without proof,PUBLIC_UNVERIFIED,1,KEEP_PUBLIC_PENDING_REVIEW,BOX_15_REQUIRED_FOR_ANY_PHYSICAL_MOTION,GENERATED_UNRATIFIED
12_PUBLIC_SITE/paradox,PUBLIC_COMPILED_OR_ASSET_LEAF,12_PUBLIC_SITE/README.md,INHERITS_NEAREST_OWNER,public source or compiled projection,private source authority or deployment claims without proof,PUBLIC_UNVERIFIED,27,KEEP_PUBLIC_PENDING_REVIEW,BOX_15_REQUIRED_FOR_ANY_PHYSICAL_MOTION,GENERATED_UNRATIFIED
12_PUBLIC_SITE/paradox/00-corpus,PUBLIC_COMPILED_OR_ASSET_LEAF,12_PUBLIC_SITE/README.md,INHERITS_NEAREST_OWNER,public source or compiled projection,private source authority or deployment claims without proof,PUBLIC_UNVERIFIED,1,KEEP_PUBLIC_PENDING_REVIEW,BOX_15_REQUIRED_FOR_ANY_PHYSICAL_MOTION,GENERATED_UNRATIFIED
12_PUBLIC_SITE/paradox/00-gardener-nexus,PUBLIC_COMPILED_OR_ASSET_LEAF,12_PUBLIC_SITE/README.md,INHERITS_NEAREST_OWNER,public source or compiled projection,private source authority or deployment claims without proof,PUBLIC_UNVERIFIED,1,KEEP_PUBLIC_PENDING_REVIEW,BOX_15_REQUIRED_FOR_ANY_PHYSICAL_MOTION,GENERATED_UNRATIFIED
12_PUBLIC_SITE/paradox/00-paradox-suite-audit,PUBLIC_COMPILED_OR_ASSET_LEAF,12_PUBLIC_SITE/README.md,INHERITS_NEAREST_OWNER,public source or compiled projection,private source authority or deployment claims without proof,PUBLIC_UNVERIFIED,1,KEEP_PUBLIC_PENDING_REVIEW,BOX_15_REQUIRED_FOR_ANY_PHYSICAL_MOTION,GENERATED_UNRATIFIED
12_PUBLIC_SITE/paradox/00-the-extraction-pattern,PUBLIC_COMPILED_OR_ASSET_LEAF,12_PUBLIC_SITE/README.md,INHERITS_NEAREST_OWNER,public source or compiled projection,private source authority or deployment claims without proof,PUBLIC_UNVERIFIED,1,KEEP_PUBLIC_PENDING_REVIEW,BOX_15_REQUIRED_FOR_ANY_PHYSICAL_MOTION,GENERATED_UNRATIFIED
12_PUBLIC_SITE/paradox/pd-00-index,PUBLIC_COMPILED_OR_ASSET_LEAF,12_PUBLIC_SITE/README.md,INHERITS_NEAREST_OWNER,public source or compiled projection,private source authority or deployment claims without proof,PUBLIC_UNVERIFIED,1,KEEP_PUBLIC_PENDING_REVIEW,BOX_15_REQUIRED_FOR_ANY_PHYSICAL_MOTION,GENERATED_UNRATIFIED
12_PUBLIC_SITE/paradox/pd-04-zeno,PUBLIC_COMPILED_OR_ASSET_LEAF,12_PUBLIC_SITE/README.md,INHERITS_NEAREST_OWNER,public source or compiled projection,private source authority or deployment claims without proof,PUBLIC_UNVERIFIED,1,KEEP_PUBLIC_PENDING_REVIEW,BOX_15_REQUIRED_FOR_ANY_PHYSICAL_MOTION,GENERATED_UNRATIFIED
12_PUBLIC_SITE/paradox/pd-05-the-one-and-the-many,PUBLIC_COMPILED_OR_ASSET_LEAF,12_PUBLIC_SITE/README.md,INHERITS_NEAREST_OWNER,public source or compiled projection,private source authority or deployment claims without proof,PUBLIC_UNVERIFIED,1,KEEP_PUBLIC_PENDING_REVIEW,BOX_15_REQUIRED_FOR_ANY_PHYSICAL_MOTION,GENERATED_UNRATIFIED
12_PUBLIC_SITE/paradox/pd-06-the-ship-of-theseus,PUBLIC_COMPILED_OR_ASSET_LEAF,12_PUBLIC_SITE/README.md,INHERITS_NEAREST_OWNER,public source or compiled projection,private source authority or deployment claims without proof,PUBLIC_UNVERIFIED,1,KEEP_PUBLIC_PENDING_REVIEW,BOX_15_REQUIRED_FOR_ANY_PHYSICAL_MOTION,GENERATED_UNRATIFIED
12_PUBLIC_SITE/paradox/pd-07-fermi-paradox,PUBLIC_COMPILED_OR_ASSET_LEAF,12_PUBLIC_SITE/README.md,INHERITS_NEAREST_OWNER,public source or compiled projection,private source authority or deployment claims without proof,PUBLIC_UNVERIFIED,1,KEEP_PUBLIC_PENDING_REVIEW,BOX_15_REQUIRED_FOR_ANY_PHYSICAL_MOTION,GENERATED_UNRATIFIED
12_PUBLIC_SITE/paradox/pd-08-the-liar-paradox,PUBLIC_COMPILED_OR_ASSET_LEAF,12_PUBLIC_SITE/README.md,INHERITS_NEAREST_OWNER,public source or compiled projection,private source authority or deployment claims without proof,PUBLIC_UNVERIFIED,1,KEEP_PUBLIC_PENDING_REVIEW,BOX_15_REQUIRED_FOR_ANY_PHYSICAL_MOTION,GENERATED_UNRATIFIED
12_PUBLIC_SITE/paradox/pd-09-leibniz-necessary-being,PUBLIC_COMPILED_OR_ASSET_LEAF,12_PUBLIC_SITE/README.md,INHERITS_NEAREST_OWNER,public source or compiled projection,private source authority or deployment claims without proof,PUBLIC_UNVERIFIED,1,KEEP_PUBLIC_PENDING_REVIEW,BOX_15_REQUIRED_FOR_ANY_PHYSICAL_MOTION,GENERATED_UNRATIFIED
12_PUBLIC_SITE/paradox/pd-10-is-ought,PUBLIC_COMPILED_OR_ASSET_LEAF,12_PUBLIC_SITE/README.md,INHERITS_NEAREST_OWNER,public source or compiled projection,private source authority or deployment claims without proof,PUBLIC_UNVERIFIED,1,KEEP_PUBLIC_PENDING_REVIEW,BOX_15_REQUIRED_FOR_ANY_PHYSICAL_MOTION,GENERATED_UNRATIFIED
12_PUBLIC_SITE/paradox/pd-11-free-will-vs-determinism,PUBLIC_COMPILED_OR_ASSET_LEAF,12_PUBLIC_SITE/README.md,INHERITS_NEAREST_OWNER,public source or compiled projection,private source authority or deployment claims without proof,PUBLIC_UNVERIFIED,1,KEEP_PUBLIC_PENDING_REVIEW,BOX_15_REQUIRED_FOR_ANY_PHYSICAL_MOTION,GENERATED_UNRATIFIED
12_PUBLIC_SITE/paradox/pd-12-measurement-problem,PUBLIC_COMPILED_OR_ASSET_LEAF,12_PUBLIC_SITE/README.md,INHERITS_NEAREST_OWNER,public source or compiled projection,private source authority or deployment claims without proof,PUBLIC_UNVERIFIED,1,KEEP_PUBLIC_PENDING_REVIEW,BOX_15_REQUIRED_FOR_ANY_PHYSICAL_MOTION,GENERATED_UNRATIFIED
12_PUBLIC_SITE/paradox/pd-13-hard-problem,PUBLIC_COMPILED_OR_ASSET_LEAF,12_PUBLIC_SITE/README.md,INHERITS_NEAREST_OWNER,public source or compiled projection,private source authority or deployment claims without proof,PUBLIC_UNVERIFIED,1,KEEP_PUBLIC_PENDING_REVIEW,BOX_15_REQUIRED_FOR_ANY_PHYSICAL_MOTION,GENERATED_UNRATIFIED
12_PUBLIC_SITE/paradox/pd-14-mind-body,PUBLIC_COMPILED_OR_ASSET_LEAF,12_PUBLIC_SITE/README.md,INHERITS_NEAREST_OWNER,public source or compiled projection,private source authority or deployment claims without proof,PUBLIC_UNVERIFIED,1,KEEP_PUBLIC_PENDING_REVIEW,BOX_15_REQUIRED_FOR_ANY_PHYSICAL_MOTION,GENERATED_UNRATIFIED
12_PUBLIC_SITE/paradox/pd-15-problem-of-evil,PUBLIC_COMPILED_OR_ASSET_LEAF,12_PUBLIC_SITE/README.md,INHERITS_NEAREST_OWNER,public source or compiled projection,private source authority or deployment claims without proof,PUBLIC_UNVERIFIED,1,KEEP_PUBLIC_PENDING_REVIEW,BOX_15_REQUIRED_FOR_ANY_PHYSICAL_MOTION,GENERATED_UNRATIFIED
12_PUBLIC_SITE/paradox/pd-16-meaning-of-life,PUBLIC_COMPILED_OR_ASSET_LEAF,12_PUBLIC_SITE/README.md,INHERITS_NEAREST_OWNER,public source or compiled projection,private source authority or deployment claims without proof,PUBLIC_UNVERIFIED,1,KEEP_PUBLIC_PENDING_REVIEW,BOX_15_REQUIRED_FOR_ANY_PHYSICAL_MOTION,GENERATED_UNRATIFIED
12_PUBLIC_SITE/paradox/pd-18-the-extraction-paradox,PUBLIC_COMPILED_OR_ASSET_LEAF,12_PUBLIC_SITE/README.md,INHERITS_NEAREST_OWNER,public source or compiled projection,private source authority or deployment claims without proof,PUBLIC_UNVERIFIED,1,KEEP_PUBLIC_PENDING_REVIEW,BOX_15_REQUIRED_FOR_ANY_PHYSICAL_MOTION,GENERATED_UNRATIFIED
12_PUBLIC_SITE/paradox/pd-19-the-hard-problem-of-consciousness,PUBLIC_COMPILED_OR_ASSET_LEAF,12_PUBLIC_SITE/README.md,INHERITS_NEAREST_OWNER,public source or compiled projection,private source authority or deployment claims without proof,PUBLIC_UNVERIFIED,1,KEEP_PUBLIC_PENDING_REVIEW,BOX_15_REQUIRED_FOR_ANY_PHYSICAL_MOTION,GENERATED_UNRATIFIED
12_PUBLIC_SITE/paradox/pd-20-philosophical-implications,PUBLIC_COMPILED_OR_ASSET_LEAF,12_PUBLIC_SITE/README.md,INHERITS_NEAREST_OWNER,public source or compiled projection,private source authority or deployment claims without proof,PUBLIC_UNVERIFIED,1,KEEP_PUBLIC_PENDING_REVIEW,BOX_15_REQUIRED_FOR_ANY_PHYSICAL_MOTION,GENERATED_UNRATIFIED
12_PUBLIC_SITE/paradox/pd-21-problem-of-death,PUBLIC_COMPILED_OR_ASSET_LEAF,12_PUBLIC_SITE/README.md,INHERITS_NEAREST_OWNER,public source or compiled projection,private source authority or deployment claims without proof,PUBLIC_UNVERIFIED,1,KEEP_PUBLIC_PENDING_REVIEW,BOX_15_REQUIRED_FOR_ANY_PHYSICAL_MOTION,GENERATED_UNRATIFIED
12_PUBLIC_SITE/paradox/pd-22-scientific-implications,PUBLIC_COMPILED_OR_ASSET_LEAF,12_PUBLIC_SITE/README.md,INHERITS_NEAREST_OWNER,public source or compiled projection,private source authority or deployment claims without proof,PUBLIC_UNVERIFIED,1,KEEP_PUBLIC_PENDING_REVIEW,BOX_15_REQUIRED_FOR_ANY_PHYSICAL_MOTION,GENERATED_UNRATIFIED
12_PUBLIC_SITE/paradox/pd-23-the-completion,PUBLIC_COMPILED_OR_ASSET_LEAF,12_PUBLIC_SITE/README.md,INHERITS_NEAREST_OWNER,public source or compiled projection,private source authority or deployment claims without proof,PUBLIC_UNVERIFIED,1,KEEP_PUBLIC_PENDING_REVIEW,BOX_15_REQUIRED_FOR_ANY_PHYSICAL_MOTION,GENERATED_UNRATIFIED
12_PUBLIC_SITE/paradox/pd-24-the-third-unveiling,PUBLIC_COMPILED_OR_ASSET_LEAF,12_PUBLIC_SITE/README.md,INHERITS_NEAREST_OWNER,public source or compiled projection,private source authority or deployment claims without proof,PUBLIC_UNVERIFIED,1,KEEP_PUBLIC_PENDING_REVIEW,BOX_15_REQUIRED_FOR_ANY_PHYSICAL_MOTION,GENERATED_UNRATIFIED
12_PUBLIC_SITE/paradox/pd-25-bell-local-realism,PUBLIC_COMPILED_OR_ASSET_LEAF,12_PUBLIC_SITE/README.md,INHERITS_NEAREST_OWNER,public source or compiled projection,private source authority or deployment claims without proof,PUBLIC_UNVERIFIED,1,KEEP_PUBLIC_PENDING_REVIEW,BOX_15_REQUIRED_FOR_ANY_PHYSICAL_MOTION,GENERATED_UNRATIFIED
12_PUBLIC_SITE/partials,PUBLIC_COMPILED_OR_ASSET_LEAF,12_PUBLIC_SITE/README.md,INHERITS_NEAREST_OWNER,public source or compiled projection,private source authority or deployment claims without proof,PUBLIC_UNVERIFIED,2,KEEP_PUBLIC_PENDING_REVIEW,BOX_15_REQUIRED_FOR_ANY_PHYSICAL_MOTION,GENERATED_UNRATIFIED
12_PUBLIC_SITE/plainly,PUBLIC_COMPILED_OR_ASSET_LEAF,12_PUBLIC_SITE/README.md,INHERITS_NEAREST_OWNER,public source or compiled projection,private source authority or deployment claims without proof,PUBLIC_UNVERIFIED,1,KEEP_PUBLIC_PENDING_REVIEW,BOX_15_REQUIRED_FOR_ANY_PHYSICAL_MOTION,GENERATED_UNRATIFIED
12_PUBLIC_SITE/practice,PUBLIC_COMPILED_OR_ASSET_LEAF,12_PUBLIC_SITE/README.md,INHERITS_NEAREST_OWNER,public source or compiled projection,private source authority or deployment claims without proof,PUBLIC_UNVERIFIED,1,KEEP_PUBLIC_PENDING_REVIEW,BOX_15_REQUIRED_FOR_ANY_PHYSICAL_MOTION,GENERATED_UNRATIFIED
12_PUBLIC_SITE/r,PUBLIC_COMPILED_OR_ASSET_LEAF,12_PUBLIC_SITE/README.md,INHERITS_NEAREST_OWNER,public source or compiled projection,private source authority or deployment claims without proof,PUBLIC_UNVERIFIED,7,KEEP_PUBLIC_PENDING_REVIEW,BOX_15_REQUIRED_FOR_ANY_PHYSICAL_MOTION,GENERATED_UNRATIFIED
12_PUBLIC_SITE/r/0,PUBLIC_COMPILED_OR_ASSET_LEAF,12_PUBLIC_SITE/README.md,INHERITS_NEAREST_OWNER,public source or compiled projection,private source authority or deployment claims without proof,PUBLIC_UNVERIFIED,1,KEEP_PUBLIC_PENDING_REVIEW,BOX_15_REQUIRED_FOR_ANY_PHYSICAL_MOTION,GENERATED_UNRATIFIED
12_PUBLIC_SITE/r/1,PUBLIC_COMPILED_OR_ASSET_LEAF,12_PUBLIC_SITE/README.md,INHERITS_NEAREST_OWNER,public source or compiled projection,private source authority or deployment claims without proof,PUBLIC_UNVERIFIED,1,KEEP_PUBLIC_PENDING_REVIEW,BOX_15_REQUIRED_FOR_ANY_PHYSICAL_MOTION,GENERATED_UNRATIFIED
12_PUBLIC_SITE/r/2,PUBLIC_COMPILED_OR_ASSET_LEAF,12_PUBLIC_SITE/README.md,INHERITS_NEAREST_OWNER,public source or compiled projection,private source authority or deployment claims without proof,PUBLIC_UNVERIFIED,1,KEEP_PUBLIC_PENDING_REVIEW,BOX_15_REQUIRED_FOR_ANY_PHYSICAL_MOTION,GENERATED_UNRATIFIED
12_PUBLIC_SITE/r/3,PUBLIC_COMPILED_OR_ASSET_LEAF,12_PUBLIC_SITE/README.md,INHERITS_NEAREST_OWNER,public source or compiled projection,private source authority or deployment claims without proof,PUBLIC_UNVERIFIED,1,KEEP_PUBLIC_PENDING_REVIEW,BOX_15_REQUIRED_FOR_ANY_PHYSICAL_MOTION,GENERATED_UNRATIFIED
12_PUBLIC_SITE/r/4,PUBLIC_COMPILED_OR_ASSET_LEAF,12_PUBLIC_SITE/README.md,INHERITS_NEAREST_OWNER,public source or compiled projection,private source authority or deployment claims without proof,PUBLIC_UNVERIFIED,1,KEEP_PUBLIC_PENDING_REVIEW,BOX_15_REQUIRED_FOR_ANY_PHYSICAL_MOTION,GENERATED_UNRATIFIED
12_PUBLIC_SITE/r/5,PUBLIC_COMPILED_OR_ASSET_LEAF,12_PUBLIC_SITE/README.md,INHERITS_NEAREST_OWNER,public source or compiled projection,private source authority or deployment claims without proof,PUBLIC_UNVERIFIED,1,KEEP_PUBLIC_PENDING_REVIEW,BOX_15_REQUIRED_FOR_ANY_PHYSICAL_MOTION,GENERATED_UNRATIFIED
12_PUBLIC_SITE/r/6,PUBLIC_COMPILED_OR_ASSET_LEAF,12_PUBLIC_SITE/README.md,INHERITS_NEAREST_OWNER,public source or compiled projection,private source authority or deployment claims without proof,PUBLIC_UNVERIFIED,1,KEEP_PUBLIC_PENDING_REVIEW,BOX_15_REQUIRED_FOR_ANY_PHYSICAL_MOTION,GENERATED_UNRATIFIED
12_PUBLIC_SITE/read,PUBLIC_COMPILED_OR_ASSET_LEAF,12_PUBLIC_SITE/README.md,INHERITS_NEAREST_OWNER,public source or compiled projection,private source authority or deployment claims without proof,PUBLIC_UNVERIFIED,1,KEEP_PUBLIC_PENDING_REVIEW,BOX_15_REQUIRED_FOR_ANY_PHYSICAL_MOTION,GENERATED_UNRATIFIED
12_PUBLIC_SITE/record,PUBLIC_COMPILED_OR_ASSET_LEAF,12_PUBLIC_SITE/README.md,INHERITS_NEAREST_OWNER,public source or compiled projection,private source authority or deployment claims without proof,PUBLIC_UNVERIFIED,1,KEEP_PUBLIC_PENDING_REVIEW,BOX_15_REQUIRED_FOR_ANY_PHYSICAL_MOTION,GENERATED_UNRATIFIED
12_PUBLIC_SITE/rosetta,PUBLIC_COMPILED_OR_ASSET_LEAF,12_PUBLIC_SITE/README.md,INHERITS_NEAREST_OWNER,public source or compiled projection,private source authority or deployment claims without proof,PUBLIC_UNVERIFIED,1,KEEP_PUBLIC_PENDING_REVIEW,BOX_15_REQUIRED_FOR_ANY_PHYSICAL_MOTION,GENERATED_UNRATIFIED
12_PUBLIC_SITE/rosetta-d-series,PUBLIC_COMPILED_OR_ASSET_LEAF,12_PUBLIC_SITE/README.md,INHERITS_NEAREST_OWNER,public source or compiled projection,private source authority or deployment claims without proof,PUBLIC_UNVERIFIED,1,KEEP_PUBLIC_PENDING_REVIEW,BOX_15_REQUIRED_FOR_ANY_PHYSICAL_MOTION,GENERATED_UNRATIFIED
12_PUBLIC_SITE/rosettad,PUBLIC_COMPILED_OR_ASSET_LEAF,12_PUBLIC_SITE/README.md,INHERITS_NEAREST_OWNER,public source or compiled projection,private source authority or deployment claims without proof,PUBLIC_UNVERIFIED,39,KEEP_PUBLIC_PENDING_REVIEW,BOX_15_REQUIRED_FOR_ANY_PHYSICAL_MOTION,GENERATED_UNRATIFIED
12_PUBLIC_SITE/rosettad/00-corpus,PUBLIC_COMPILED_OR_ASSET_LEAF,12_PUBLIC_SITE/README.md,INHERITS_NEAREST_OWNER,public source or compiled projection,private source authority or deployment claims without proof,PUBLIC_UNVERIFIED,1,KEEP_PUBLIC_PENDING_REVIEW,BOX_15_REQUIRED_FOR_ANY_PHYSICAL_MOTION,GENERATED_UNRATIFIED
12_PUBLIC_SITE/rosettad/00-selection-methodology,PUBLIC_COMPILED_OR_ASSET_LEAF,12_PUBLIC_SITE/README.md,INHERITS_NEAREST_OWNER,public source or compiled projection,private source authority or deployment claims without proof,PUBLIC_UNVERIFIED,1,KEEP_PUBLIC_PENDING_REVIEW,BOX_15_REQUIRED_FOR_ANY_PHYSICAL_MOTION,GENERATED_UNRATIFIED
12_PUBLIC_SITE/rosettad/00-suda-convergent-reciprocal-symmetry,PUBLIC_COMPILED_OR_ASSET_LEAF,12_PUBLIC_SITE/README.md,INHERITS_NEAREST_OWNER,public source or compiled projection,private source authority or deployment claims without proof,PUBLIC_UNVERIFIED,1,KEEP_PUBLIC_PENDING_REVIEW,BOX_15_REQUIRED_FOR_ANY_PHYSICAL_MOTION,GENERATED_UNRATIFIED
12_PUBLIC_SITE/rosettad/00-suda-value-extraction-deep-synthesis,PUBLIC_COMPILED_OR_ASSET_LEAF,12_PUBLIC_SITE/README.md,INHERITS_NEAREST_OWNER,public source or compiled projection,private source authority or deployment claims without proof,PUBLIC_UNVERIFIED,1,KEEP_PUBLIC_PENDING_REVIEW,BOX_15_REQUIRED_FOR_ANY_PHYSICAL_MOTION,GENERATED_UNRATIFIED
12_PUBLIC_SITE/rosettad/00-the-seven-ologies-per-the-rosetta,PUBLIC_COMPILED_OR_ASSET_LEAF,12_PUBLIC_SITE/README.md,INHERITS_NEAREST_OWNER,public source or compiled projection,private source authority or deployment claims without proof,PUBLIC_UNVERIFIED,1,KEEP_PUBLIC_PENDING_REVIEW,BOX_15_REQUIRED_FOR_ANY_PHYSICAL_MOTION,GENERATED_UNRATIFIED
12_PUBLIC_SITE/rosettad/00-the-seven-philosophical-disciplines,PUBLIC_COMPILED_OR_ASSET_LEAF,12_PUBLIC_SITE/README.md,INHERITS_NEAREST_OWNER,public source or compiled projection,private source authority or deployment claims without proof,PUBLIC_UNVERIFIED,1,KEEP_PUBLIC_PENDING_REVIEW,BOX_15_REQUIRED_FOR_ANY_PHYSICAL_MOTION,GENERATED_UNRATIFIED
12_PUBLIC_SITE/rosettad/00-three-non-western-traditions-and-the-l-levels,PUBLIC_COMPILED_OR_ASSET_LEAF,12_PUBLIC_SITE/README.md,INHERITS_NEAREST_OWNER,public source or compiled projection,private source authority or deployment claims without proof,PUBLIC_UNVERIFIED,1,KEEP_PUBLIC_PENDING_REVIEW,BOX_15_REQUIRED_FOR_ANY_PHYSICAL_MOTION,GENERATED_UNRATIFIED
12_PUBLIC_SITE/rosettad/01-alternative-geometries-and-contradicting-traditions,PUBLIC_COMPILED_OR_ASSET_LEAF,12_PUBLIC_SITE/README.md,INHERITS_NEAREST_OWNER,public source or compiled projection,private source authority or deployment claims without proof,PUBLIC_UNVERIFIED,1,KEEP_PUBLIC_PENDING_REVIEW,BOX_15_REQUIRED_FOR_ANY_PHYSICAL_MOTION,GENERATED_UNRATIFIED
12_PUBLIC_SITE/rosettad/02-rows-columns-deepening-2026-04-25,PUBLIC_COMPILED_OR_ASSET_LEAF,12_PUBLIC_SITE/README.md,INHERITS_NEAREST_OWNER,public source or compiled projection,private source authority or deployment claims without proof,PUBLIC_UNVERIFIED,1,KEEP_PUBLIC_PENDING_REVIEW,BOX_15_REQUIRED_FOR_ANY_PHYSICAL_MOTION,GENERATED_UNRATIFIED
12_PUBLIC_SITE/rosettad/03-rosetta-dac-operating-system,PUBLIC_COMPILED_OR_ASSET_LEAF,12_PUBLIC_SITE/README.md,INHERITS_NEAREST_OWNER,public source or compiled projection,private source authority or deployment claims without proof,PUBLIC_UNVERIFIED,1,KEEP_PUBLIC_PENDING_REVIEW,BOX_15_REQUIRED_FOR_ANY_PHYSICAL_MOTION,GENERATED_UNRATIFIED
12_PUBLIC_SITE/rosettad/04-deep-rumination-2026-04-25,PUBLIC_COMPILED_OR_ASSET_LEAF,12_PUBLIC_SITE/README.md,INHERITS_NEAREST_OWNER,public source or compiled projection,private source authority or deployment claims without proof,PUBLIC_UNVERIFIED,1,KEEP_PUBLIC_PENDING_REVIEW,BOX_15_REQUIRED_FOR_ANY_PHYSICAL_MOTION,GENERATED_UNRATIFIED
12_PUBLIC_SITE/rosettad/05-non-weird-sweep-2026-04-25,PUBLIC_COMPILED_OR_ASSET_LEAF,12_PUBLIC_SITE/README.md,INHERITS_NEAREST_OWNER,public source or compiled projection,private source authority or deployment claims without proof,PUBLIC_UNVERIFIED,1,KEEP_PUBLIC_PENDING_REVIEW,BOX_15_REQUIRED_FOR_ANY_PHYSICAL_MOTION,GENERATED_UNRATIFIED
12_PUBLIC_SITE/rosettad/06-structural-pressure-points-2026-04-25,PUBLIC_COMPILED_OR_ASSET_LEAF,12_PUBLIC_SITE/README.md,INHERITS_NEAREST_OWNER,public source or compiled projection,private source authority or deployment claims without proof,PUBLIC_UNVERIFIED,1,KEEP_PUBLIC_PENDING_REVIEW,BOX_15_REQUIRED_FOR_ANY_PHYSICAL_MOTION,GENERATED_UNRATIFIED
12_PUBLIC_SITE/rosettad/07-mirror-symmetry-falsification-test-2026-04-25,PUBLIC_COMPILED_OR_ASSET_LEAF,12_PUBLIC_SITE/README.md,INHERITS_NEAREST_OWNER,public source or compiled projection,private source authority or deployment claims without proof,PUBLIC_UNVERIFIED,1,KEEP_PUBLIC_PENDING_REVIEW,BOX_15_REQUIRED_FOR_ANY_PHYSICAL_MOTION,GENERATED_UNRATIFIED
12_PUBLIC_SITE/rosettad/08-mirror-test-extension-and-failed-mappings-2026-04-25,PUBLIC_COMPILED_OR_ASSET_LEAF,12_PUBLIC_SITE/README.md,INHERITS_NEAREST_OWNER,public source or compiled projection,private source authority or deployment claims without proof,PUBLIC_UNVERIFIED,1,KEEP_PUBLIC_PENDING_REVIEW,BOX_15_REQUIRED_FOR_ANY_PHYSICAL_MOTION,GENERATED_UNRATIFIED
12_PUBLIC_SITE/rosettad/09-failed-mappings-2026-04-25,PUBLIC_COMPILED_OR_ASSET_LEAF,12_PUBLIC_SITE/README.md,INHERITS_NEAREST_OWNER,public source or compiled projection,private source authority or deployment claims without proof,PUBLIC_UNVERIFIED,1,KEEP_PUBLIC_PENDING_REVIEW,BOX_15_REQUIRED_FOR_ANY_PHYSICAL_MOTION,GENERATED_UNRATIFIED
12_PUBLIC_SITE/rosettad/10-cell-audit-schema-2026-04-25,PUBLIC_COMPILED_OR_ASSET_LEAF,12_PUBLIC_SITE/README.md,INHERITS_NEAREST_OWNER,public source or compiled projection,private source authority or deployment claims without proof,PUBLIC_UNVERIFIED,1,KEEP_PUBLIC_PENDING_REVIEW,BOX_15_REQUIRED_FOR_ANY_PHYSICAL_MOTION,GENERATED_UNRATIFIED
12_PUBLIC_SITE/rosettad/10-indigenous-american-and-tahitian-2026-04-25,PUBLIC_COMPILED_OR_ASSET_LEAF,12_PUBLIC_SITE/README.md,INHERITS_NEAREST_OWNER,public source or compiled projection,private source authority or deployment claims without proof,PUBLIC_UNVERIFIED,1,KEEP_PUBLIC_PENDING_REVIEW,BOX_15_REQUIRED_FOR_ANY_PHYSICAL_MOTION,GENERATED_UNRATIFIED
12_PUBLIC_SITE/rosettad/11-cell-audit-seed-l4-center-2026-04-25,PUBLIC_COMPILED_OR_ASSET_LEAF,12_PUBLIC_SITE/README.md,INHERITS_NEAREST_OWNER,public source or compiled projection,private source authority or deployment claims without proof,PUBLIC_UNVERIFIED,1,KEEP_PUBLIC_PENDING_REVIEW,BOX_15_REQUIRED_FOR_ANY_PHYSICAL_MOTION,GENERATED_UNRATIFIED
12_PUBLIC_SITE/rosettad/12-mirror-pair-audits-2026-04-25,PUBLIC_COMPILED_OR_ASSET_LEAF,12_PUBLIC_SITE/README.md,INHERITS_NEAREST_OWNER,public source or compiled projection,private source authority or deployment claims without proof,PUBLIC_UNVERIFIED,1,KEEP_PUBLIC_PENDING_REVIEW,BOX_15_REQUIRED_FOR_ANY_PHYSICAL_MOTION,GENERATED_UNRATIFIED
12_PUBLIC_SITE/rosettad/13-column-cell-audit-economics-2026-04-25,PUBLIC_COMPILED_OR_ASSET_LEAF,12_PUBLIC_SITE/README.md,INHERITS_NEAREST_OWNER,public source or compiled projection,private source authority or deployment claims without proof,PUBLIC_UNVERIFIED,1,KEEP_PUBLIC_PENDING_REVIEW,BOX_15_REQUIRED_FOR_ANY_PHYSICAL_MOTION,GENERATED_UNRATIFIED
12_PUBLIC_SITE/rosettad/14-column-cell-audit-music-2026-04-25,PUBLIC_COMPILED_OR_ASSET_LEAF,12_PUBLIC_SITE/README.md,INHERITS_NEAREST_OWNER,public source or compiled projection,private source authority or deployment claims without proof,PUBLIC_UNVERIFIED,1,KEEP_PUBLIC_PENDING_REVIEW,BOX_15_REQUIRED_FOR_ANY_PHYSICAL_MOTION,GENERATED_UNRATIFIED
12_PUBLIC_SITE/rosettad/15-column-cell-audit-neuroscience-2026-04-25,PUBLIC_COMPILED_OR_ASSET_LEAF,12_PUBLIC_SITE/README.md,INHERITS_NEAREST_OWNER,public source or compiled projection,private source authority or deployment claims without proof,PUBLIC_UNVERIFIED,1,KEEP_PUBLIC_PENDING_REVIEW,BOX_15_REQUIRED_FOR_ANY_PHYSICAL_MOTION,GENERATED_UNRATIFIED
12_PUBLIC_SITE/rosettad/16-plato-lakota-neuroscience-2026-04-25,PUBLIC_COMPILED_OR_ASSET_LEAF,12_PUBLIC_SITE/README.md,INHERITS_NEAREST_OWNER,public source or compiled projection,private source authority or deployment claims without proof,PUBLIC_UNVERIFIED,1,KEEP_PUBLIC_PENDING_REVIEW,BOX_15_REQUIRED_FOR_ANY_PHYSICAL_MOTION,GENERATED_UNRATIFIED
12_PUBLIC_SITE/rosettad/17-cell-audit-psychology-2026-04-25,PUBLIC_COMPILED_OR_ASSET_LEAF,12_PUBLIC_SITE/README.md,INHERITS_NEAREST_OWNER,public source or compiled projection,private source authority or deployment claims without proof,PUBLIC_UNVERIFIED,1,KEEP_PUBLIC_PENDING_REVIEW,BOX_15_REQUIRED_FOR_ANY_PHYSICAL_MOTION,GENERATED_UNRATIFIED
12_PUBLIC_SITE/rosettad/animation-spec,PUBLIC_COMPILED_OR_ASSET_LEAF,12_PUBLIC_SITE/README.md,INHERITS_NEAREST_OWNER,public source or compiled projection,private source authority or deployment claims without proof,PUBLIC_UNVERIFIED,1,KEEP_PUBLIC_PENDING_REVIEW,BOX_15_REQUIRED_FOR_ANY_PHYSICAL_MOTION,GENERATED_UNRATIFIED
12_PUBLIC_SITE/rosettad/failed-mappings-and-testing-queue,PUBLIC_COMPILED_OR_ASSET_LEAF,12_PUBLIC_SITE/README.md,INHERITS_NEAREST_OWNER,public source or compiled projection,private source authority or deployment claims without proof,PUBLIC_UNVERIFIED,1,KEEP_PUBLIC_PENDING_REVIEW,BOX_15_REQUIRED_FOR_ANY_PHYSICAL_MOTION,GENERATED_UNRATIFIED
12_PUBLIC_SITE/rosettad/naming-doctrine,PUBLIC_COMPILED_OR_ASSET_LEAF,12_PUBLIC_SITE/README.md,INHERITS_NEAREST_OWNER,public source or compiled projection,private source authority or deployment claims without proof,PUBLIC_UNVERIFIED,1,KEEP_PUBLIC_PENDING_REVIEW,BOX_15_REQUIRED_FOR_ANY_PHYSICAL_MOTION,GENERATED_UNRATIFIED
12_PUBLIC_SITE/rosettad/rosetta-civilisational,PUBLIC_COMPILED_OR_ASSET_LEAF,12_PUBLIC_SITE/README.md,INHERITS_NEAREST_OWNER,public source or compiled projection,private source authority or deployment claims without proof,PUBLIC_UNVERIFIED,1,KEEP_PUBLIC_PENDING_REVIEW,BOX_15_REQUIRED_FOR_ANY_PHYSICAL_MOTION,GENERATED_UNRATIFIED
12_PUBLIC_SITE/rosettad/rosetta-computation,PUBLIC_COMPILED_OR_ASSET_LEAF,12_PUBLIC_SITE/README.md,INHERITS_NEAREST_OWNER,public source or compiled projection,private source authority or deployment claims without proof,PUBLIC_UNVERIFIED,1,KEEP_PUBLIC_PENDING_REVIEW,BOX_15_REQUIRED_FOR_ANY_PHYSICAL_MOTION,GENERATED_UNRATIFIED
12_PUBLIC_SITE/rosettad/rosetta-economics,PUBLIC_COMPILED_OR_ASSET_LEAF,12_PUBLIC_SITE/README.md,INHERITS_NEAREST_OWNER,public source or compiled projection,private source authority or deployment claims without proof,PUBLIC_UNVERIFIED,1,KEEP_PUBLIC_PENDING_REVIEW,BOX_15_REQUIRED_FOR_ANY_PHYSICAL_MOTION,GENERATED_UNRATIFIED
12_PUBLIC_SITE/rosettad/rosetta-indigenous-american,PUBLIC_COMPILED_OR_ASSET_LEAF,12_PUBLIC_SITE/README.md,INHERITS_NEAREST_OWNER,public source or compiled projection,private source authority or deployment claims without proof,PUBLIC_UNVERIFIED,1,KEEP_PUBLIC_PENDING_REVIEW,BOX_15_REQUIRED_FOR_ANY_PHYSICAL_MOTION,GENERATED_UNRATIFIED
12_PUBLIC_SITE/rosettad/rosetta-music,PUBLIC_COMPILED_OR_ASSET_LEAF,12_PUBLIC_SITE/README.md,INHERITS_NEAREST_OWNER,public source or compiled projection,private source authority or deployment claims without proof,PUBLIC_UNVERIFIED,1,KEEP_PUBLIC_PENDING_REVIEW,BOX_15_REQUIRED_FOR_ANY_PHYSICAL_MOTION,GENERATED_UNRATIFIED
12_PUBLIC_SITE/rosettad/rosetta-mythology,PUBLIC_COMPILED_OR_ASSET_LEAF,12_PUBLIC_SITE/README.md,INHERITS_NEAREST_OWNER,public source or compiled projection,private source authority or deployment claims without proof,PUBLIC_UNVERIFIED,1,KEEP_PUBLIC_PENDING_REVIEW,BOX_15_REQUIRED_FOR_ANY_PHYSICAL_MOTION,GENERATED_UNRATIFIED
12_PUBLIC_SITE/rosettad/rosetta-neuroscience,PUBLIC_COMPILED_OR_ASSET_LEAF,12_PUBLIC_SITE/README.md,INHERITS_NEAREST_OWNER,public source or compiled projection,private source authority or deployment claims without proof,PUBLIC_UNVERIFIED,1,KEEP_PUBLIC_PENDING_REVIEW,BOX_15_REQUIRED_FOR_ANY_PHYSICAL_MOTION,GENERATED_UNRATIFIED
12_PUBLIC_SITE/rosettad/rosetta-operator-pathology,PUBLIC_COMPILED_OR_ASSET_LEAF,12_PUBLIC_SITE/README.md,INHERITS_NEAREST_OWNER,public source or compiled projection,private source authority or deployment claims without proof,PUBLIC_UNVERIFIED,1,KEEP_PUBLIC_PENDING_REVIEW,BOX_15_REQUIRED_FOR_ANY_PHYSICAL_MOTION,GENERATED_UNRATIFIED
12_PUBLIC_SITE/rosettad/rosetta-psychology,PUBLIC_COMPILED_OR_ASSET_LEAF,12_PUBLIC_SITE/README.md,INHERITS_NEAREST_OWNER,public source or compiled projection,private source authority or deployment claims without proof,PUBLIC_UNVERIFIED,1,KEEP_PUBLIC_PENDING_REVIEW,BOX_15_REQUIRED_FOR_ANY_PHYSICAL_MOTION,GENERATED_UNRATIFIED
12_PUBLIC_SITE/rosettad/rosetta-psychology-research-brief,PUBLIC_COMPILED_OR_ASSET_LEAF,12_PUBLIC_SITE/README.md,INHERITS_NEAREST_OWNER,public source or compiled projection,private source authority or deployment claims without proof,PUBLIC_UNVERIFIED,1,KEEP_PUBLIC_PENDING_REVIEW,BOX_15_REQUIRED_FOR_ANY_PHYSICAL_MOTION,GENERATED_UNRATIFIED
12_PUBLIC_SITE/sacred,PUBLIC_COMPILED_OR_ASSET_LEAF,12_PUBLIC_SITE/README.md,INHERITS_NEAREST_OWNER,public source or compiled projection,private source authority or deployment claims without proof,PUBLIC_UNVERIFIED,7,KEEP_PUBLIC_PENDING_REVIEW,BOX_15_REQUIRED_FOR_ANY_PHYSICAL_MOTION,GENERATED_UNRATIFIED
12_PUBLIC_SITE/sacred/00-foreword,PUBLIC_COMPILED_OR_ASSET_LEAF,12_PUBLIC_SITE/README.md,INHERITS_NEAREST_OWNER,public source or compiled projection,private source authority or deployment claims without proof,PUBLIC_UNVERIFIED,1,KEEP_PUBLIC_PENDING_REVIEW,BOX_15_REQUIRED_FOR_ANY_PHYSICAL_MOTION,GENERATED_UNRATIFIED
12_PUBLIC_SITE/sacred/00-glossary,PUBLIC_COMPILED_OR_ASSET_LEAF,12_PUBLIC_SITE/README.md,INHERITS_NEAREST_OWNER,public source or compiled projection,private source authority or deployment claims without proof,PUBLIC_UNVERIFIED,1,KEEP_PUBLIC_PENDING_REVIEW,BOX_15_REQUIRED_FOR_ANY_PHYSICAL_MOTION,GENERATED_UNRATIFIED
12_PUBLIC_SITE/sacred/00-reconciliation-theorem-packet,PUBLIC_COMPILED_OR_ASSET_LEAF,12_PUBLIC_SITE/README.md,INHERITS_NEAREST_OWNER,public source or compiled projection,private source authority or deployment claims without proof,PUBLIC_UNVERIFIED,1,KEEP_PUBLIC_PENDING_REVIEW,BOX_15_REQUIRED_FOR_ANY_PHYSICAL_MOTION,GENERATED_UNRATIFIED
12_PUBLIC_SITE/sacred/00-the-pedagogy-of-becoming,PUBLIC_COMPILED_OR_ASSET_LEAF,12_PUBLIC_SITE/README.md,INHERITS_NEAREST_OWNER,public source or compiled projection,private source authority or deployment claims without proof,PUBLIC_UNVERIFIED,1,KEEP_PUBLIC_PENDING_REVIEW,BOX_15_REQUIRED_FOR_ANY_PHYSICAL_MOTION,GENERATED_UNRATIFIED
12_PUBLIC_SITE/sacred/01-symbol-design-and-public-translation,PUBLIC_COMPILED_OR_ASSET_LEAF,12_PUBLIC_SITE/README.md,INHERITS_NEAREST_OWNER,public source or compiled projection,private source authority or deployment claims without proof,PUBLIC_UNVERIFIED,1,KEEP_PUBLIC_PENDING_REVIEW,BOX_15_REQUIRED_FOR_ANY_PHYSICAL_MOTION,GENERATED_UNRATIFIED
12_PUBLIC_SITE/sacred/02-truth-order-and-niche-partition,PUBLIC_COMPILED_OR_ASSET_LEAF,12_PUBLIC_SITE/README.md,INHERITS_NEAREST_OWNER,public source or compiled projection,private source authority or deployment claims without proof,PUBLIC_UNVERIFIED,1,KEEP_PUBLIC_PENDING_REVIEW,BOX_15_REQUIRED_FOR_ANY_PHYSICAL_MOTION,GENERATED_UNRATIFIED
12_PUBLIC_SITE/soul-loop,PUBLIC_COMPILED_OR_ASSET_LEAF,12_PUBLIC_SITE/README.md,INHERITS_NEAREST_OWNER,public source or compiled projection,private source authority or deployment claims without proof,PUBLIC_UNVERIFIED,1,KEEP_PUBLIC_PENDING_REVIEW,BOX_15_REQUIRED_FOR_ANY_PHYSICAL_MOTION,GENERATED_UNRATIFIED
12_PUBLIC_SITE/sources,PUBLIC_COMPILED_OR_ASSET_LEAF,12_PUBLIC_SITE/README.md,INHERITS_NEAREST_OWNER,public source or compiled projection,private source authority or deployment claims without proof,PUBLIC_UNVERIFIED,1,KEEP_PUBLIC_PENDING_REVIEW,BOX_15_REQUIRED_FOR_ANY_PHYSICAL_MOTION,GENERATED_UNRATIFIED
12_PUBLIC_SITE/suda-notes,PUBLIC_COMPILED_OR_ASSET_LEAF,12_PUBLIC_SITE/README.md,INHERITS_NEAREST_OWNER,public source or compiled projection,private source authority or deployment claims without proof,PUBLIC_UNVERIFIED,1,KEEP_PUBLIC_PENDING_REVIEW,BOX_15_REQUIRED_FOR_ANY_PHYSICAL_MOTION,GENERATED_UNRATIFIED
12_PUBLIC_SITE/synthesis,PUBLIC_COMPILED_OR_ASSET_LEAF,12_PUBLIC_SITE/README.md,INHERITS_NEAREST_OWNER,public source or compiled projection,private source authority or deployment claims without proof,PUBLIC_UNVERIFIED,1,KEEP_PUBLIC_PENDING_REVIEW,BOX_15_REQUIRED_FOR_ANY_PHYSICAL_MOTION,GENERATED_UNRATIFIED
12_PUBLIC_SITE/teleology,PUBLIC_COMPILED_OR_ASSET_LEAF,12_PUBLIC_SITE/README.md,INHERITS_NEAREST_OWNER,public source or compiled projection,private source authority or deployment claims without proof,PUBLIC_UNVERIFIED,1,KEEP_PUBLIC_PENDING_REVIEW,BOX_15_REQUIRED_FOR_ANY_PHYSICAL_MOTION,GENERATED_UNRATIFIED
12_PUBLIC_SITE/test,PUBLIC_COMPILED_OR_ASSET_LEAF,12_PUBLIC_SITE/README.md,INHERITS_NEAREST_OWNER,public source or compiled projection,private source authority or deployment claims without proof,PUBLIC_UNVERIFIED,3,KEEP_PUBLIC_PENDING_REVIEW,BOX_15_REQUIRED_FOR_ANY_PHYSICAL_MOTION,GENERATED_UNRATIFIED
12_PUBLIC_SITE/theology,PUBLIC_COMPILED_OR_ASSET_LEAF,12_PUBLIC_SITE/README.md,INHERITS_NEAREST_OWNER,public source or compiled projection,private source authority or deployment claims without proof,PUBLIC_UNVERIFIED,1,KEEP_PUBLIC_PENDING_REVIEW,BOX_15_REQUIRED_FOR_ANY_PHYSICAL_MOTION,GENERATED_UNRATIFIED
12_PUBLIC_SITE/trinity,PUBLIC_COMPILED_OR_ASSET_LEAF,12_PUBLIC_SITE/README.md,INHERITS_NEAREST_OWNER,public source or compiled projection,private source authority or deployment claims without proof,PUBLIC_UNVERIFIED,43,KEEP_PUBLIC_PENDING_REVIEW,BOX_15_REQUIRED_FOR_ANY_PHYSICAL_MOTION,GENERATED_UNRATIFIED
12_PUBLIC_SITE/trinity/00-the-genesis-simulation,PUBLIC_COMPILED_OR_ASSET_LEAF,12_PUBLIC_SITE/README.md,INHERITS_NEAREST_OWNER,public source or compiled projection,private source authority or deployment claims without proof,PUBLIC_UNVERIFIED,1,KEEP_PUBLIC_PENDING_REVIEW,BOX_15_REQUIRED_FOR_ANY_PHYSICAL_MOTION,GENERATED_UNRATIFIED
12_PUBLIC_SITE/trinity/00-the-point,PUBLIC_COMPILED_OR_ASSET_LEAF,12_PUBLIC_SITE/README.md,INHERITS_NEAREST_OWNER,public source or compiled projection,private source authority or deployment claims without proof,PUBLIC_UNVERIFIED,1,KEEP_PUBLIC_PENDING_REVIEW,BOX_15_REQUIRED_FOR_ANY_PHYSICAL_MOTION,GENERATED_UNRATIFIED
12_PUBLIC_SITE/trinity/00-the-transcendental-trinity-canon,PUBLIC_COMPILED_OR_ASSET_LEAF,12_PUBLIC_SITE/README.md,INHERITS_NEAREST_OWNER,public source or compiled projection,private source authority or deployment claims without proof,PUBLIC_UNVERIFIED,1,KEEP_PUBLIC_PENDING_REVIEW,BOX_15_REQUIRED_FOR_ANY_PHYSICAL_MOTION,GENERATED_UNRATIFIED
12_PUBLIC_SITE/trinity/01-the-emergence,PUBLIC_COMPILED_OR_ASSET_LEAF,12_PUBLIC_SITE/README.md,INHERITS_NEAREST_OWNER,public source or compiled projection,private source authority or deployment claims without proof,PUBLIC_UNVERIFIED,1,KEEP_PUBLIC_PENDING_REVIEW,BOX_15_REQUIRED_FOR_ANY_PHYSICAL_MOTION,GENERATED_UNRATIFIED
12_PUBLIC_SITE/trinity/02-the-trinity,PUBLIC_COMPILED_OR_ASSET_LEAF,12_PUBLIC_SITE/README.md,INHERITS_NEAREST_OWNER,public source or compiled projection,private source authority or deployment claims without proof,PUBLIC_UNVERIFIED,1,KEEP_PUBLIC_PENDING_REVIEW,BOX_15_REQUIRED_FOR_ANY_PHYSICAL_MOTION,GENERATED_UNRATIFIED
12_PUBLIC_SITE/trinity/03-the-closure,PUBLIC_COMPILED_OR_ASSET_LEAF,12_PUBLIC_SITE/README.md,INHERITS_NEAREST_OWNER,public source or compiled projection,private source authority or deployment claims without proof,PUBLIC_UNVERIFIED,1,KEEP_PUBLIC_PENDING_REVIEW,BOX_15_REQUIRED_FOR_ANY_PHYSICAL_MOTION,GENERATED_UNRATIFIED
12_PUBLIC_SITE/trinity/04-bit-to-qubit,PUBLIC_COMPILED_OR_ASSET_LEAF,12_PUBLIC_SITE/README.md,INHERITS_NEAREST_OWNER,public source or compiled projection,private source authority or deployment claims without proof,PUBLIC_UNVERIFIED,1,KEEP_PUBLIC_PENDING_REVIEW,BOX_15_REQUIRED_FOR_ANY_PHYSICAL_MOTION,GENERATED_UNRATIFIED
12_PUBLIC_SITE/trinity/05-division-by-zero,PUBLIC_COMPILED_OR_ASSET_LEAF,12_PUBLIC_SITE/README.md,INHERITS_NEAREST_OWNER,public source or compiled projection,private source authority or deployment claims without proof,PUBLIC_UNVERIFIED,1,KEEP_PUBLIC_PENDING_REVIEW,BOX_15_REQUIRED_FOR_ANY_PHYSICAL_MOTION,GENERATED_UNRATIFIED
12_PUBLIC_SITE/trinity/06-the-cosmological-cycle,PUBLIC_COMPILED_OR_ASSET_LEAF,12_PUBLIC_SITE/README.md,INHERITS_NEAREST_OWNER,public source or compiled projection,private source authority or deployment claims without proof,PUBLIC_UNVERIFIED,1,KEEP_PUBLIC_PENDING_REVIEW,BOX_15_REQUIRED_FOR_ANY_PHYSICAL_MOTION,GENERATED_UNRATIFIED
12_PUBLIC_SITE/trinity/07-the-discovery-of-finity,PUBLIC_COMPILED_OR_ASSET_LEAF,12_PUBLIC_SITE/README.md,INHERITS_NEAREST_OWNER,public source or compiled projection,private source authority or deployment claims without proof,PUBLIC_UNVERIFIED,1,KEEP_PUBLIC_PENDING_REVIEW,BOX_15_REQUIRED_FOR_ANY_PHYSICAL_MOTION,GENERATED_UNRATIFIED
12_PUBLIC_SITE/trinity/08-co-emergence,PUBLIC_COMPILED_OR_ASSET_LEAF,12_PUBLIC_SITE/README.md,INHERITS_NEAREST_OWNER,public source or compiled projection,private source authority or deployment claims without proof,PUBLIC_UNVERIFIED,1,KEEP_PUBLIC_PENDING_REVIEW,BOX_15_REQUIRED_FOR_ANY_PHYSICAL_MOTION,GENERATED_UNRATIFIED
12_PUBLIC_SITE/trinity/09-the-triadic-cascade,PUBLIC_COMPILED_OR_ASSET_LEAF,12_PUBLIC_SITE/README.md,INHERITS_NEAREST_OWNER,public source or compiled projection,private source authority or deployment claims without proof,PUBLIC_UNVERIFIED,1,KEEP_PUBLIC_PENDING_REVIEW,BOX_15_REQUIRED_FOR_ANY_PHYSICAL_MOTION,GENERATED_UNRATIFIED
12_PUBLIC_SITE/trinity/10-the-soul-loop,PUBLIC_COMPILED_OR_ASSET_LEAF,12_PUBLIC_SITE/README.md,INHERITS_NEAREST_OWNER,public source or compiled projection,private source authority or deployment claims without proof,PUBLIC_UNVERIFIED,1,KEEP_PUBLIC_PENDING_REVIEW,BOX_15_REQUIRED_FOR_ANY_PHYSICAL_MOTION,GENERATED_UNRATIFIED
12_PUBLIC_SITE/trinity/11-the-helix,PUBLIC_COMPILED_OR_ASSET_LEAF,12_PUBLIC_SITE/README.md,INHERITS_NEAREST_OWNER,public source or compiled projection,private source authority or deployment claims without proof,PUBLIC_UNVERIFIED,1,KEEP_PUBLIC_PENDING_REVIEW,BOX_15_REQUIRED_FOR_ANY_PHYSICAL_MOTION,GENERATED_UNRATIFIED
12_PUBLIC_SITE/trinity/12-the-poles,PUBLIC_COMPILED_OR_ASSET_LEAF,12_PUBLIC_SITE/README.md,INHERITS_NEAREST_OWNER,public source or compiled projection,private source authority or deployment claims without proof,PUBLIC_UNVERIFIED,1,KEEP_PUBLIC_PENDING_REVIEW,BOX_15_REQUIRED_FOR_ANY_PHYSICAL_MOTION,GENERATED_UNRATIFIED
12_PUBLIC_SITE/trinity/13-the-wave-packet,PUBLIC_COMPILED_OR_ASSET_LEAF,12_PUBLIC_SITE/README.md,INHERITS_NEAREST_OWNER,public source or compiled projection,private source authority or deployment claims without proof,PUBLIC_UNVERIFIED,1,KEEP_PUBLIC_PENDING_REVIEW,BOX_15_REQUIRED_FOR_ANY_PHYSICAL_MOTION,GENERATED_UNRATIFIED
12_PUBLIC_SITE/trinity/14-tat-tvam-asi,PUBLIC_COMPILED_OR_ASSET_LEAF,12_PUBLIC_SITE/README.md,INHERITS_NEAREST_OWNER,public source or compiled projection,private source authority or deployment claims without proof,PUBLIC_UNVERIFIED,1,KEEP_PUBLIC_PENDING_REVIEW,BOX_15_REQUIRED_FOR_ANY_PHYSICAL_MOTION,GENERATED_UNRATIFIED
12_PUBLIC_SITE/trinity/15-dharma-yuddha,PUBLIC_COMPILED_OR_ASSET_LEAF,12_PUBLIC_SITE/README.md,INHERITS_NEAREST_OWNER,public source or compiled projection,private source authority or deployment claims without proof,PUBLIC_UNVERIFIED,1,KEEP_PUBLIC_PENDING_REVIEW,BOX_15_REQUIRED_FOR_ANY_PHYSICAL_MOTION,GENERATED_UNRATIFIED
12_PUBLIC_SITE/trinity/16-the-great-filter,PUBLIC_COMPILED_OR_ASSET_LEAF,12_PUBLIC_SITE/README.md,INHERITS_NEAREST_OWNER,public source or compiled projection,private source authority or deployment claims without proof,PUBLIC_UNVERIFIED,1,KEEP_PUBLIC_PENDING_REVIEW,BOX_15_REQUIRED_FOR_ANY_PHYSICAL_MOTION,GENERATED_UNRATIFIED
12_PUBLIC_SITE/trinity/17-the-egregorocene,PUBLIC_COMPILED_OR_ASSET_LEAF,12_PUBLIC_SITE/README.md,INHERITS_NEAREST_OWNER,public source or compiled projection,private source authority or deployment claims without proof,PUBLIC_UNVERIFIED,1,KEEP_PUBLIC_PENDING_REVIEW,BOX_15_REQUIRED_FOR_ANY_PHYSICAL_MOTION,GENERATED_UNRATIFIED
12_PUBLIC_SITE/trinity/18-the-strange-attractor,PUBLIC_COMPILED_OR_ASSET_LEAF,12_PUBLIC_SITE/README.md,INHERITS_NEAREST_OWNER,public source or compiled projection,private source authority or deployment claims without proof,PUBLIC_UNVERIFIED,1,KEEP_PUBLIC_PENDING_REVIEW,BOX_15_REQUIRED_FOR_ANY_PHYSICAL_MOTION,GENERATED_UNRATIFIED
12_PUBLIC_SITE/trinity/19-a-brahmanism,PUBLIC_COMPILED_OR_ASSET_LEAF,12_PUBLIC_SITE/README.md,INHERITS_NEAREST_OWNER,public source or compiled projection,private source authority or deployment claims without proof,PUBLIC_UNVERIFIED,1,KEEP_PUBLIC_PENDING_REVIEW,BOX_15_REQUIRED_FOR_ANY_PHYSICAL_MOTION,GENERATED_UNRATIFIED
12_PUBLIC_SITE/trinity/20-the-hybrid-sovereign,PUBLIC_COMPILED_OR_ASSET_LEAF,12_PUBLIC_SITE/README.md,INHERITS_NEAREST_OWNER,public source or compiled projection,private source authority or deployment claims without proof,PUBLIC_UNVERIFIED,1,KEEP_PUBLIC_PENDING_REVIEW,BOX_15_REQUIRED_FOR_ANY_PHYSICAL_MOTION,GENERATED_UNRATIFIED
12_PUBLIC_SITE/trinity/21-the-tightrope,PUBLIC_COMPILED_OR_ASSET_LEAF,12_PUBLIC_SITE/README.md,INHERITS_NEAREST_OWNER,public source or compiled projection,private source authority or deployment claims without proof,PUBLIC_UNVERIFIED,1,KEEP_PUBLIC_PENDING_REVIEW,BOX_15_REQUIRED_FOR_ANY_PHYSICAL_MOTION,GENERATED_UNRATIFIED
12_PUBLIC_SITE/trinity/22-the-teleology,PUBLIC_COMPILED_OR_ASSET_LEAF,12_PUBLIC_SITE/README.md,INHERITS_NEAREST_OWNER,public source or compiled projection,private source authority or deployment claims without proof,PUBLIC_UNVERIFIED,1,KEEP_PUBLIC_PENDING_REVIEW,BOX_15_REQUIRED_FOR_ANY_PHYSICAL_MOTION,GENERATED_UNRATIFIED
12_PUBLIC_SITE/trinity/23-the-dac,PUBLIC_COMPILED_OR_ASSET_LEAF,12_PUBLIC_SITE/README.md,INHERITS_NEAREST_OWNER,public source or compiled projection,private source authority or deployment claims without proof,PUBLIC_UNVERIFIED,1,KEEP_PUBLIC_PENDING_REVIEW,BOX_15_REQUIRED_FOR_ANY_PHYSICAL_MOTION,GENERATED_UNRATIFIED
12_PUBLIC_SITE/trinity/24-the-mycelium,PUBLIC_COMPILED_OR_ASSET_LEAF,12_PUBLIC_SITE/README.md,INHERITS_NEAREST_OWNER,public source or compiled projection,private source authority or deployment claims without proof,PUBLIC_UNVERIFIED,1,KEEP_PUBLIC_PENDING_REVIEW,BOX_15_REQUIRED_FOR_ANY_PHYSICAL_MOTION,GENERATED_UNRATIFIED
12_PUBLIC_SITE/trinity/25-the-compression,PUBLIC_COMPILED_OR_ASSET_LEAF,12_PUBLIC_SITE/README.md,INHERITS_NEAREST_OWNER,public source or compiled projection,private source authority or deployment claims without proof,PUBLIC_UNVERIFIED,1,KEEP_PUBLIC_PENDING_REVIEW,BOX_15_REQUIRED_FOR_ANY_PHYSICAL_MOTION,GENERATED_UNRATIFIED
12_PUBLIC_SITE/trinity/26-the-exoteric-inversion,PUBLIC_COMPILED_OR_ASSET_LEAF,12_PUBLIC_SITE/README.md,INHERITS_NEAREST_OWNER,public source or compiled projection,private source authority or deployment claims without proof,PUBLIC_UNVERIFIED,1,KEEP_PUBLIC_PENDING_REVIEW,BOX_15_REQUIRED_FOR_ANY_PHYSICAL_MOTION,GENERATED_UNRATIFIED
12_PUBLIC_SITE/trinity/27-the-samudra-manthan,PUBLIC_COMPILED_OR_ASSET_LEAF,12_PUBLIC_SITE/README.md,INHERITS_NEAREST_OWNER,public source or compiled projection,private source authority or deployment claims without proof,PUBLIC_UNVERIFIED,1,KEEP_PUBLIC_PENDING_REVIEW,BOX_15_REQUIRED_FOR_ANY_PHYSICAL_MOTION,GENERATED_UNRATIFIED
12_PUBLIC_SITE/trinity/28-l4-star,PUBLIC_COMPILED_OR_ASSET_LEAF,12_PUBLIC_SITE/README.md,INHERITS_NEAREST_OWNER,public source or compiled projection,private source authority or deployment claims without proof,PUBLIC_UNVERIFIED,1,KEEP_PUBLIC_PENDING_REVIEW,BOX_15_REQUIRED_FOR_ANY_PHYSICAL_MOTION,GENERATED_UNRATIFIED
12_PUBLIC_SITE/trinity/29-the-compass-and-the-sextant,PUBLIC_COMPILED_OR_ASSET_LEAF,12_PUBLIC_SITE/README.md,INHERITS_NEAREST_OWNER,public source or compiled projection,private source authority or deployment claims without proof,PUBLIC_UNVERIFIED,1,KEEP_PUBLIC_PENDING_REVIEW,BOX_15_REQUIRED_FOR_ANY_PHYSICAL_MOTION,GENERATED_UNRATIFIED
12_PUBLIC_SITE/trinity/31-vmosk-as-applied-emergentism,PUBLIC_COMPILED_OR_ASSET_LEAF,12_PUBLIC_SITE/README.md,INHERITS_NEAREST_OWNER,public source or compiled projection,private source authority or deployment claims without proof,PUBLIC_UNVERIFIED,1,KEEP_PUBLIC_PENDING_REVIEW,BOX_15_REQUIRED_FOR_ANY_PHYSICAL_MOTION,GENERATED_UNRATIFIED
12_PUBLIC_SITE/trinity/32-the-four-lines,PUBLIC_COMPILED_OR_ASSET_LEAF,12_PUBLIC_SITE/README.md,INHERITS_NEAREST_OWNER,public source or compiled projection,private source authority or deployment claims without proof,PUBLIC_UNVERIFIED,1,KEEP_PUBLIC_PENDING_REVIEW,BOX_15_REQUIRED_FOR_ANY_PHYSICAL_MOTION,GENERATED_UNRATIFIED
12_PUBLIC_SITE/trinity/33-the-derivation,PUBLIC_COMPILED_OR_ASSET_LEAF,12_PUBLIC_SITE/README.md,INHERITS_NEAREST_OWNER,public source or compiled projection,private source authority or deployment claims without proof,PUBLIC_UNVERIFIED,1,KEEP_PUBLIC_PENDING_REVIEW,BOX_15_REQUIRED_FOR_ANY_PHYSICAL_MOTION,GENERATED_UNRATIFIED
12_PUBLIC_SITE/trinity/34-research-brief-the-fork,PUBLIC_COMPILED_OR_ASSET_LEAF,12_PUBLIC_SITE/README.md,INHERITS_NEAREST_OWNER,public source or compiled projection,private source authority or deployment claims without proof,PUBLIC_UNVERIFIED,1,KEEP_PUBLIC_PENDING_REVIEW,BOX_15_REQUIRED_FOR_ANY_PHYSICAL_MOTION,GENERATED_UNRATIFIED
12_PUBLIC_SITE/trinity/35-research-brief-teleology-spectrum,PUBLIC_COMPILED_OR_ASSET_LEAF,12_PUBLIC_SITE/README.md,INHERITS_NEAREST_OWNER,public source or compiled projection,private source authority or deployment claims without proof,PUBLIC_UNVERIFIED,1,KEEP_PUBLIC_PENDING_REVIEW,BOX_15_REQUIRED_FOR_ANY_PHYSICAL_MOTION,GENERATED_UNRATIFIED
12_PUBLIC_SITE/trinity/36-the-dimensional-trophic-cascade,PUBLIC_COMPILED_OR_ASSET_LEAF,12_PUBLIC_SITE/README.md,INHERITS_NEAREST_OWNER,public source or compiled projection,private source authority or deployment claims without proof,PUBLIC_UNVERIFIED,1,KEEP_PUBLIC_PENDING_REVIEW,BOX_15_REQUIRED_FOR_ANY_PHYSICAL_MOTION,GENERATED_UNRATIFIED
12_PUBLIC_SITE/trinity/37-sexual-selection-as-visible-f5,PUBLIC_COMPILED_OR_ASSET_LEAF,12_PUBLIC_SITE/README.md,INHERITS_NEAREST_OWNER,public source or compiled projection,private source authority or deployment claims without proof,PUBLIC_UNVERIFIED,1,KEEP_PUBLIC_PENDING_REVIEW,BOX_15_REQUIRED_FOR_ANY_PHYSICAL_MOTION,GENERATED_UNRATIFIED
12_PUBLIC_SITE/trinity/38-tantra-as-f5-redirection,PUBLIC_COMPILED_OR_ASSET_LEAF,12_PUBLIC_SITE/README.md,INHERITS_NEAREST_OWNER,public source or compiled projection,private source authority or deployment claims without proof,PUBLIC_UNVERIFIED,1,KEEP_PUBLIC_PENDING_REVIEW,BOX_15_REQUIRED_FOR_ANY_PHYSICAL_MOTION,GENERATED_UNRATIFIED
12_PUBLIC_SITE/trinity/39-neoteny-as-f5-delay-and-cultural-womb,PUBLIC_COMPILED_OR_ASSET_LEAF,12_PUBLIC_SITE/README.md,INHERITS_NEAREST_OWNER,public source or compiled projection,private source authority or deployment claims without proof,PUBLIC_UNVERIFIED,1,KEEP_PUBLIC_PENDING_REVIEW,BOX_15_REQUIRED_FOR_ANY_PHYSICAL_MOTION,GENERATED_UNRATIFIED
12_PUBLIC_SITE/trinity/simulation-spec,PUBLIC_COMPILED_OR_ASSET_LEAF,12_PUBLIC_SITE/README.md,INHERITS_NEAREST_OWNER,public source or compiled projection,private source authority or deployment claims without proof,PUBLIC_UNVERIFIED,1,KEEP_PUBLIC_PENDING_REVIEW,BOX_15_REQUIRED_FOR_ANY_PHYSICAL_MOTION,GENERATED_UNRATIFIED
12_PUBLIC_SITE/value,PUBLIC_COMPILED_OR_ASSET_LEAF,12_PUBLIC_SITE/README.md,INHERITS_NEAREST_OWNER,public source or compiled projection,private source authority or deployment claims without proof,PUBLIC_UNVERIFIED,11,KEEP_PUBLIC_PENDING_REVIEW,BOX_15_REQUIRED_FOR_ANY_PHYSICAL_MOTION,GENERATED_UNRATIFIED
12_PUBLIC_SITE/value/00-anmut-and-demut,PUBLIC_COMPILED_OR_ASSET_LEAF,12_PUBLIC_SITE/README.md,INHERITS_NEAREST_OWNER,public source or compiled projection,private source authority or deployment claims without proof,PUBLIC_UNVERIFIED,1,KEEP_PUBLIC_PENDING_REVIEW,BOX_15_REQUIRED_FOR_ANY_PHYSICAL_MOTION,GENERATED_UNRATIFIED
12_PUBLIC_SITE/value/00-bridge-laws-between-levels,PUBLIC_COMPILED_OR_ASSET_LEAF,12_PUBLIC_SITE/README.md,INHERITS_NEAREST_OWNER,public source or compiled projection,private source authority or deployment claims without proof,PUBLIC_UNVERIFIED,1,KEEP_PUBLIC_PENDING_REVIEW,BOX_15_REQUIRED_FOR_ANY_PHYSICAL_MOTION,GENERATED_UNRATIFIED
12_PUBLIC_SITE/value/00-commandment-vs-geometry,PUBLIC_COMPILED_OR_ASSET_LEAF,12_PUBLIC_SITE/README.md,INHERITS_NEAREST_OWNER,public source or compiled projection,private source authority or deployment claims without proof,PUBLIC_UNVERIFIED,1,KEEP_PUBLIC_PENDING_REVIEW,BOX_15_REQUIRED_FOR_ANY_PHYSICAL_MOTION,GENERATED_UNRATIFIED
12_PUBLIC_SITE/value/00-constitutional-economics,PUBLIC_COMPILED_OR_ASSET_LEAF,12_PUBLIC_SITE/README.md,INHERITS_NEAREST_OWNER,public source or compiled projection,private source authority or deployment claims without proof,PUBLIC_UNVERIFIED,1,KEEP_PUBLIC_PENDING_REVIEW,BOX_15_REQUIRED_FOR_ANY_PHYSICAL_MOTION,GENERATED_UNRATIFIED
12_PUBLIC_SITE/value/00-objective-morals-and-ethics,PUBLIC_COMPILED_OR_ASSET_LEAF,12_PUBLIC_SITE/README.md,INHERITS_NEAREST_OWNER,public source or compiled projection,private source authority or deployment claims without proof,PUBLIC_UNVERIFIED,1,KEEP_PUBLIC_PENDING_REVIEW,BOX_15_REQUIRED_FOR_ANY_PHYSICAL_MOTION,GENERATED_UNRATIFIED
12_PUBLIC_SITE/value/00-the-good-the-evil-and-the-transcendentals,PUBLIC_COMPILED_OR_ASSET_LEAF,12_PUBLIC_SITE/README.md,INHERITS_NEAREST_OWNER,public source or compiled projection,private source authority or deployment claims without proof,PUBLIC_UNVERIFIED,1,KEEP_PUBLIC_PENDING_REVIEW,BOX_15_REQUIRED_FOR_ANY_PHYSICAL_MOTION,GENERATED_UNRATIFIED
12_PUBLIC_SITE/value/00-theurgy-and-f5-force-map,PUBLIC_COMPILED_OR_ASSET_LEAF,12_PUBLIC_SITE/README.md,INHERITS_NEAREST_OWNER,public source or compiled projection,private source authority or deployment claims without proof,PUBLIC_UNVERIFIED,1,KEEP_PUBLIC_PENDING_REVIEW,BOX_15_REQUIRED_FOR_ANY_PHYSICAL_MOTION,GENERATED_UNRATIFIED
12_PUBLIC_SITE/value/01-k2-decision-protocol,PUBLIC_COMPILED_OR_ASSET_LEAF,12_PUBLIC_SITE/README.md,INHERITS_NEAREST_OWNER,public source or compiled projection,private source authority or deployment claims without proof,PUBLIC_UNVERIFIED,1,KEEP_PUBLIC_PENDING_REVIEW,BOX_15_REQUIRED_FOR_ANY_PHYSICAL_MOTION,GENERATED_UNRATIFIED
12_PUBLIC_SITE/value/01-rights-duties-and-due-process,PUBLIC_COMPILED_OR_ASSET_LEAF,12_PUBLIC_SITE/README.md,INHERITS_NEAREST_OWNER,public source or compiled projection,private source authority or deployment claims without proof,PUBLIC_UNVERIFIED,1,KEEP_PUBLIC_PENDING_REVIEW,BOX_15_REQUIRED_FOR_ANY_PHYSICAL_MOTION,GENERATED_UNRATIFIED
12_PUBLIC_SITE/value/01-transcendentals,PUBLIC_COMPILED_OR_ASSET_LEAF,12_PUBLIC_SITE/README.md,INHERITS_NEAREST_OWNER,public source or compiled projection,private source authority or deployment claims without proof,PUBLIC_UNVERIFIED,1,KEEP_PUBLIC_PENDING_REVIEW,BOX_15_REQUIRED_FOR_ANY_PHYSICAL_MOTION,GENERATED_UNRATIFIED
12_PUBLIC_SITE/vendor,PUBLIC_COMPILED_OR_ASSET_LEAF,12_PUBLIC_SITE/README.md,INHERITS_NEAREST_OWNER,public source or compiled projection,private source authority or deployment claims without proof,PUBLIC_UNVERIFIED,11,KEEP_PUBLIC_PENDING_REVIEW,BOX_15_REQUIRED_FOR_ANY_PHYSICAL_MOTION,GENERATED_UNRATIFIED
12_PUBLIC_SITE/vendor/three-0.160.0,PUBLIC_COMPILED_OR_ASSET_LEAF,12_PUBLIC_SITE/README.md,INHERITS_NEAREST_OWNER,public source or compiled projection,private source authority or deployment claims without proof,PUBLIC_UNVERIFIED,10,KEEP_PUBLIC_PENDING_REVIEW,BOX_15_REQUIRED_FOR_ANY_PHYSICAL_MOTION,GENERATED_UNRATIFIED
12_PUBLIC_SITE/vendor/three-0.160.0/controls,PUBLIC_COMPILED_OR_ASSET_LEAF,12_PUBLIC_SITE/README.md,INHERITS_NEAREST_OWNER,public source or compiled projection,private source authority or deployment claims without proof,PUBLIC_UNVERIFIED,1,KEEP_PUBLIC_PENDING_REVIEW,BOX_15_REQUIRED_FOR_ANY_PHYSICAL_MOTION,GENERATED_UNRATIFIED
12_PUBLIC_SITE/vendor/three-0.160.0/postprocessing,PUBLIC_COMPILED_OR_ASSET_LEAF,12_PUBLIC_SITE/README.md,INHERITS_NEAREST_OWNER,public source or compiled projection,private source authority or deployment claims without proof,PUBLIC_UNVERIFIED,6,KEEP_PUBLIC_PENDING_REVIEW,BOX_15_REQUIRED_FOR_ANY_PHYSICAL_MOTION,GENERATED_UNRATIFIED
12_PUBLIC_SITE/vendor/three-0.160.0/shaders,PUBLIC_COMPILED_OR_ASSET_LEAF,12_PUBLIC_SITE/README.md,INHERITS_NEAREST_OWNER,public source or compiled projection,private source authority or deployment claims without proof,PUBLIC_UNVERIFIED,2,KEEP_PUBLIC_PENDING_REVIEW,BOX_15_REQUIRED_FOR_ANY_PHYSICAL_MOTION,GENERATED_UNRATIFIED
12_PUBLIC_SITE/will,PUBLIC_COMPILED_OR_ASSET_LEAF,12_PUBLIC_SITE/README.md,INHERITS_NEAREST_OWNER,public source or compiled projection,private source authority or deployment claims without proof,PUBLIC_UNVERIFIED,31,KEEP_PUBLIC_PENDING_REVIEW,BOX_15_REQUIRED_FOR_ANY_PHYSICAL_MOTION,GENERATED_UNRATIFIED
12_PUBLIC_SITE/will/00-a-square-cannot-be-negative,PUBLIC_COMPILED_OR_ASSET_LEAF,12_PUBLIC_SITE/README.md,INHERITS_NEAREST_OWNER,public source or compiled projection,private source authority or deployment claims without proof,PUBLIC_UNVERIFIED,1,KEEP_PUBLIC_PENDING_REVIEW,BOX_15_REQUIRED_FOR_ANY_PHYSICAL_MOTION,GENERATED_UNRATIFIED
12_PUBLIC_SITE/will/00-from-lagrangian-to-dac,PUBLIC_COMPILED_OR_ASSET_LEAF,12_PUBLIC_SITE/README.md,INHERITS_NEAREST_OWNER,public source or compiled projection,private source authority or deployment claims without proof,PUBLIC_UNVERIFIED,1,KEEP_PUBLIC_PENDING_REVIEW,BOX_15_REQUIRED_FOR_ANY_PHYSICAL_MOTION,GENERATED_UNRATIFIED
12_PUBLIC_SITE/will/00-neoteny-the-hardware-upgrade,PUBLIC_COMPILED_OR_ASSET_LEAF,12_PUBLIC_SITE/README.md,INHERITS_NEAREST_OWNER,public source or compiled projection,private source authority or deployment claims without proof,PUBLIC_UNVERIFIED,1,KEEP_PUBLIC_PENDING_REVIEW,BOX_15_REQUIRED_FOR_ANY_PHYSICAL_MOTION,GENERATED_UNRATIFIED
12_PUBLIC_SITE/will/00-saturation-and-return,PUBLIC_COMPILED_OR_ASSET_LEAF,12_PUBLIC_SITE/README.md,INHERITS_NEAREST_OWNER,public source or compiled projection,private source authority or deployment claims without proof,PUBLIC_UNVERIFIED,1,KEEP_PUBLIC_PENDING_REVIEW,BOX_15_REQUIRED_FOR_ANY_PHYSICAL_MOTION,GENERATED_UNRATIFIED
12_PUBLIC_SITE/will/00-the-core-conjecture,PUBLIC_COMPILED_OR_ASSET_LEAF,12_PUBLIC_SITE/README.md,INHERITS_NEAREST_OWNER,public source or compiled projection,private source authority or deployment claims without proof,PUBLIC_UNVERIFIED,1,KEEP_PUBLIC_PENDING_REVIEW,BOX_15_REQUIRED_FOR_ANY_PHYSICAL_MOTION,GENERATED_UNRATIFIED
12_PUBLIC_SITE/will/00-the-framework-on-its-own-teleology-spectrum,PUBLIC_COMPILED_OR_ASSET_LEAF,12_PUBLIC_SITE/README.md,INHERITS_NEAREST_OWNER,public source or compiled projection,private source authority or deployment claims without proof,PUBLIC_UNVERIFIED,1,KEEP_PUBLIC_PENDING_REVIEW,BOX_15_REQUIRED_FOR_ANY_PHYSICAL_MOTION,GENERATED_UNRATIFIED
12_PUBLIC_SITE/will/00-the-generative-lagrangian,PUBLIC_COMPILED_OR_ASSET_LEAF,12_PUBLIC_SITE/README.md,INHERITS_NEAREST_OWNER,public source or compiled projection,private source authority or deployment claims without proof,PUBLIC_UNVERIFIED,1,KEEP_PUBLIC_PENDING_REVIEW,BOX_15_REQUIRED_FOR_ANY_PHYSICAL_MOTION,GENERATED_UNRATIFIED
12_PUBLIC_SITE/will/00-the-hidden-center-of-the-framework,PUBLIC_COMPILED_OR_ASSET_LEAF,12_PUBLIC_SITE/README.md,INHERITS_NEAREST_OWNER,public source or compiled projection,private source authority or deployment claims without proof,PUBLIC_UNVERIFIED,1,KEEP_PUBLIC_PENDING_REVIEW,BOX_15_REQUIRED_FOR_ANY_PHYSICAL_MOTION,GENERATED_UNRATIFIED
12_PUBLIC_SITE/will/00-the-tantric-vajrayana-transmutation,PUBLIC_COMPILED_OR_ASSET_LEAF,12_PUBLIC_SITE/README.md,INHERITS_NEAREST_OWNER,public source or compiled projection,private source authority or deployment claims without proof,PUBLIC_UNVERIFIED,1,KEEP_PUBLIC_PENDING_REVIEW,BOX_15_REQUIRED_FOR_ANY_PHYSICAL_MOTION,GENERATED_UNRATIFIED
12_PUBLIC_SITE/will/01-f5-force-map-and-ektropy,PUBLIC_COMPILED_OR_ASSET_LEAF,12_PUBLIC_SITE/README.md,INHERITS_NEAREST_OWNER,public source or compiled projection,private source authority or deployment claims without proof,PUBLIC_UNVERIFIED,1,KEEP_PUBLIC_PENDING_REVIEW,BOX_15_REQUIRED_FOR_ANY_PHYSICAL_MOTION,GENERATED_UNRATIFIED
12_PUBLIC_SITE/will/01-the-rosetta-question,PUBLIC_COMPILED_OR_ASSET_LEAF,12_PUBLIC_SITE/README.md,INHERITS_NEAREST_OWNER,public source or compiled projection,private source authority or deployment claims without proof,PUBLIC_UNVERIFIED,1,KEEP_PUBLIC_PENDING_REVIEW,BOX_15_REQUIRED_FOR_ANY_PHYSICAL_MOTION,GENERATED_UNRATIFIED
12_PUBLIC_SITE/will/02-the-serpent-is-f5,PUBLIC_COMPILED_OR_ASSET_LEAF,12_PUBLIC_SITE/README.md,INHERITS_NEAREST_OWNER,public source or compiled projection,private source authority or deployment claims without proof,PUBLIC_UNVERIFIED,1,KEEP_PUBLIC_PENDING_REVIEW,BOX_15_REQUIRED_FOR_ANY_PHYSICAL_MOTION,GENERATED_UNRATIFIED
12_PUBLIC_SITE/will/03-f5-as-gradient-selection-with-staging,PUBLIC_COMPILED_OR_ASSET_LEAF,12_PUBLIC_SITE/README.md,INHERITS_NEAREST_OWNER,public source or compiled projection,private source authority or deployment claims without proof,PUBLIC_UNVERIFIED,1,KEEP_PUBLIC_PENDING_REVIEW,BOX_15_REQUIRED_FOR_ANY_PHYSICAL_MOTION,GENERATED_UNRATIFIED
12_PUBLIC_SITE/will/03-why-the-constraint-matters,PUBLIC_COMPILED_OR_ASSET_LEAF,12_PUBLIC_SITE/README.md,INHERITS_NEAREST_OWNER,public source or compiled projection,private source authority or deployment claims without proof,PUBLIC_UNVERIFIED,1,KEEP_PUBLIC_PENDING_REVIEW,BOX_15_REQUIRED_FOR_ANY_PHYSICAL_MOTION,GENERATED_UNRATIFIED
12_PUBLIC_SITE/will/04-what-the-corpus-reveals,PUBLIC_COMPILED_OR_ASSET_LEAF,12_PUBLIC_SITE/README.md,INHERITS_NEAREST_OWNER,public source or compiled projection,private source authority or deployment claims without proof,PUBLIC_UNVERIFIED,1,KEEP_PUBLIC_PENDING_REVIEW,BOX_15_REQUIRED_FOR_ANY_PHYSICAL_MOTION,GENERATED_UNRATIFIED
12_PUBLIC_SITE/will/05-exhaustive-observations,PUBLIC_COMPILED_OR_ASSET_LEAF,12_PUBLIC_SITE/README.md,INHERITS_NEAREST_OWNER,public source or compiled projection,private source authority or deployment claims without proof,PUBLIC_UNVERIFIED,1,KEEP_PUBLIC_PENDING_REVIEW,BOX_15_REQUIRED_FOR_ANY_PHYSICAL_MOTION,GENERATED_UNRATIFIED
12_PUBLIC_SITE/will/06-the-unsaid,PUBLIC_COMPILED_OR_ASSET_LEAF,12_PUBLIC_SITE/README.md,INHERITS_NEAREST_OWNER,public source or compiled projection,private source authority or deployment claims without proof,PUBLIC_UNVERIFIED,1,KEEP_PUBLIC_PENDING_REVIEW,BOX_15_REQUIRED_FOR_ANY_PHYSICAL_MOTION,GENERATED_UNRATIFIED
12_PUBLIC_SITE/will/06a-what-remains-unseen,PUBLIC_COMPILED_OR_ASSET_LEAF,12_PUBLIC_SITE/README.md,INHERITS_NEAREST_OWNER,public source or compiled projection,private source authority or deployment claims without proof,PUBLIC_UNVERIFIED,1,KEEP_PUBLIC_PENDING_REVIEW,BOX_15_REQUIRED_FOR_ANY_PHYSICAL_MOTION,GENERATED_UNRATIFIED
12_PUBLIC_SITE/will/07-the-four-forces-are-the-four-lines,PUBLIC_COMPILED_OR_ASSET_LEAF,12_PUBLIC_SITE/README.md,INHERITS_NEAREST_OWNER,public source or compiled projection,private source authority or deployment claims without proof,PUBLIC_UNVERIFIED,1,KEEP_PUBLIC_PENDING_REVIEW,BOX_15_REQUIRED_FOR_ANY_PHYSICAL_MOTION,GENERATED_UNRATIFIED
12_PUBLIC_SITE/will/08-what-we-havent-said,PUBLIC_COMPILED_OR_ASSET_LEAF,12_PUBLIC_SITE/README.md,INHERITS_NEAREST_OWNER,public source or compiled projection,private source authority or deployment claims without proof,PUBLIC_UNVERIFIED,1,KEEP_PUBLIC_PENDING_REVIEW,BOX_15_REQUIRED_FOR_ANY_PHYSICAL_MOTION,GENERATED_UNRATIFIED
12_PUBLIC_SITE/will/09-path-d-the-amgm-geometry,PUBLIC_COMPILED_OR_ASSET_LEAF,12_PUBLIC_SITE/README.md,INHERITS_NEAREST_OWNER,public source or compiled projection,private source authority or deployment claims without proof,PUBLIC_UNVERIFIED,1,KEEP_PUBLIC_PENDING_REVIEW,BOX_15_REQUIRED_FOR_ANY_PHYSICAL_MOTION,GENERATED_UNRATIFIED
12_PUBLIC_SITE/will/09a-the-lagrangian-question,PUBLIC_COMPILED_OR_ASSET_LEAF,12_PUBLIC_SITE/README.md,INHERITS_NEAREST_OWNER,public source or compiled projection,private source authority or deployment claims without proof,PUBLIC_UNVERIFIED,1,KEEP_PUBLIC_PENDING_REVIEW,BOX_15_REQUIRED_FOR_ANY_PHYSICAL_MOTION,GENERATED_UNRATIFIED
12_PUBLIC_SITE/will/10a-path-d-computation,PUBLIC_COMPILED_OR_ASSET_LEAF,12_PUBLIC_SITE/README.md,INHERITS_NEAREST_OWNER,public source or compiled projection,private source authority or deployment claims without proof,PUBLIC_UNVERIFIED,1,KEEP_PUBLIC_PENDING_REVIEW,BOX_15_REQUIRED_FOR_ANY_PHYSICAL_MOTION,GENERATED_UNRATIFIED
12_PUBLIC_SITE/will/11-phase-zero-complete,PUBLIC_COMPILED_OR_ASSET_LEAF,12_PUBLIC_SITE/README.md,INHERITS_NEAREST_OWNER,public source or compiled projection,private source authority or deployment claims without proof,PUBLIC_UNVERIFIED,1,KEEP_PUBLIC_PENDING_REVIEW,BOX_15_REQUIRED_FOR_ANY_PHYSICAL_MOTION,GENERATED_UNRATIFIED
12_PUBLIC_SITE/will/12-the-spectrum-results,PUBLIC_COMPILED_OR_ASSET_LEAF,12_PUBLIC_SITE/README.md,INHERITS_NEAREST_OWNER,public source or compiled projection,private source authority or deployment claims without proof,PUBLIC_UNVERIFIED,1,KEEP_PUBLIC_PENDING_REVIEW,BOX_15_REQUIRED_FOR_ANY_PHYSICAL_MOTION,GENERATED_UNRATIFIED
12_PUBLIC_SITE/will/13-paths-abc-analysis,PUBLIC_COMPILED_OR_ASSET_LEAF,12_PUBLIC_SITE/README.md,INHERITS_NEAREST_OWNER,public source or compiled projection,private source authority or deployment claims without proof,PUBLIC_UNVERIFIED,1,KEEP_PUBLIC_PENDING_REVIEW,BOX_15_REQUIRED_FOR_ANY_PHYSICAL_MOTION,GENERATED_UNRATIFIED
12_PUBLIC_SITE/will/14-log-form-of-the-power-max-lemma,PUBLIC_COMPILED_OR_ASSET_LEAF,12_PUBLIC_SITE/README.md,INHERITS_NEAREST_OWNER,public source or compiled projection,private source authority or deployment claims without proof,PUBLIC_UNVERIFIED,1,KEEP_PUBLIC_PENDING_REVIEW,BOX_15_REQUIRED_FOR_ANY_PHYSICAL_MOTION,GENERATED_UNRATIFIED
12_PUBLIC_SITE/will/15-log-form-of-the-power-max-lemma,PUBLIC_COMPILED_OR_ASSET_LEAF,12_PUBLIC_SITE/README.md,INHERITS_NEAREST_OWNER,public source or compiled projection,private source authority or deployment claims without proof,PUBLIC_UNVERIFIED,1,KEEP_PUBLIC_PENDING_REVIEW,BOX_15_REQUIRED_FOR_ANY_PHYSICAL_MOTION,GENERATED_UNRATIFIED
12_PUBLIC_SITE/will/16-operator-consistency-audit,PUBLIC_COMPILED_OR_ASSET_LEAF,12_PUBLIC_SITE/README.md,INHERITS_NEAREST_OWNER,public source or compiled projection,private source authority or deployment claims without proof,PUBLIC_UNVERIFIED,1,KEEP_PUBLIC_PENDING_REVIEW,BOX_15_REQUIRED_FOR_ANY_PHYSICAL_MOTION,GENERATED_UNRATIFIED
12_PUBLIC_SITE/will/l1-l7-refinement-audit,PUBLIC_COMPILED_OR_ASSET_LEAF,12_PUBLIC_SITE/README.md,INHERITS_NEAREST_OWNER,public source or compiled projection,private source authority or deployment claims without proof,PUBLIC_UNVERIFIED,1,KEEP_PUBLIC_PENDING_REVIEW,BOX_15_REQUIRED_FOR_ANY_PHYSICAL_MOTION,GENERATED_UNRATIFIED
90_ARCHIVE,ARCHIVE_LEAF,90_ARCHIVE/README.md,DIRECT_PRESENT,historical custody and dated receipts,live canonical authority,ARCHIVE_PROVENANCE,322,KEEP_ARCHIVE_PROVENANCE,BOX_15_REQUIRED_FOR_ANY_PHYSICAL_MOTION,GENERATED_UNRATIFIED
90_ARCHIVE/00_INDEX,ARCHIVE_LEAF,90_ARCHIVE/00_INDEX/ARCHIVE_SURFACES_INDEX.md,DIRECT_PRESENT,historical custody and dated receipts,live canonical authority,ARCHIVE_PROVENANCE,1,KEEP_ARCHIVE_PROVENANCE,BOX_15_REQUIRED_FOR_ANY_PHYSICAL_MOTION,GENERATED_UNRATIFIED
90_ARCHIVE/00_K3_SWEEP_2026_05_31,ARCHIVE_LEAF,90_ARCHIVE/00_K3_SWEEP_2026_05_31/README.md,DIRECT_PRESENT,historical custody and dated receipts,live canonical authority,ARCHIVE_PROVENANCE,21,KEEP_ARCHIVE_PROVENANCE,BOX_15_REQUIRED_FOR_ANY_PHYSICAL_MOTION,GENERATED_UNRATIFIED
90_ARCHIVE/00_K3_SWEEP_2026_05_31/01_TELEOLOGY,ARCHIVE_LEAF,90_ARCHIVE/00_K3_SWEEP_2026_05_31/01_TELEOLOGY/README.md,DIRECT_PRESENT,historical custody and dated receipts,live canonical authority,ARCHIVE_PROVENANCE,4,KEEP_ARCHIVE_PROVENANCE,BOX_15_REQUIRED_FOR_ANY_PHYSICAL_MOTION,GENERATED_UNRATIFIED
90_ARCHIVE/00_K3_SWEEP_2026_05_31/06_ONTOLOGY,ARCHIVE_LEAF,90_ARCHIVE/00_K3_SWEEP_2026_05_31/06_ONTOLOGY/README.md,DIRECT_PRESENT,historical custody and dated receipts,live canonical authority,ARCHIVE_PROVENANCE,4,KEEP_ARCHIVE_PROVENANCE,BOX_15_REQUIRED_FOR_ANY_PHYSICAL_MOTION,GENERATED_UNRATIFIED
90_ARCHIVE/00_K3_SWEEP_2026_05_31/07_THEOLOGY,ARCHIVE_LEAF,90_ARCHIVE/00_K3_SWEEP_2026_05_31/07_THEOLOGY/README.md,DIRECT_PRESENT,historical custody and dated receipts,live canonical authority,ARCHIVE_PROVENANCE,4,KEEP_ARCHIVE_PROVENANCE,BOX_15_REQUIRED_FOR_ANY_PHYSICAL_MOTION,GENERATED_UNRATIFIED
90_ARCHIVE/00_K3_SWEEP_2026_05_31/08_FRAMEWORK_SUPPORT,ARCHIVE_LEAF,90_ARCHIVE/00_K3_SWEEP_2026_05_31/README.md,INHERITS_NEAREST_OWNER,historical custody and dated receipts,live canonical authority,ARCHIVE_PROVENANCE,5,KEEP_ARCHIVE_PROVENANCE,BOX_15_REQUIRED_FOR_ANY_PHYSICAL_MOTION,GENERATED_UNRATIFIED
90_ARCHIVE/00_K3_SWEEP_2026_05_31/08_FRAMEWORK_SUPPORT/05_SYNTHESIS,ARCHIVE_LEAF,90_ARCHIVE/00_K3_SWEEP_2026_05_31/08_FRAMEWORK_SUPPORT/05_SYNTHESIS/README.md,DIRECT_PRESENT,historical custody and dated receipts,live canonical authority,ARCHIVE_PROVENANCE,5,KEEP_ARCHIVE_PROVENANCE,BOX_15_REQUIRED_FOR_ANY_PHYSICAL_MOTION,GENERATED_UNRATIFIED
90_ARCHIVE/00_KERNEL_DISTILLATION_2026_07_19,ARCHIVE_BOUNDARY,90_ARCHIVE/00_KERNEL_DISTILLATION_2026_07_19/TOMBSTONE.md,DIRECT_PRESENT,historical custody and dated receipts,live canonical authority,ARCHIVE_PROVENANCE,7,KEEP_ARCHIVE_PROVENANCE,BOX_15_REQUIRED_FOR_ANY_PHYSICAL_MOTION,GENERATED_UNRATIFIED
90_ARCHIVE/00_KERNEL_DISTILLATION_2026_07_19/root_staging,ARCHIVE_LEAF,90_ARCHIVE/00_KERNEL_DISTILLATION_2026_07_19/TOMBSTONE.md,INHERITS_NEAREST_OWNER,historical custody and dated receipts,live canonical authority,ARCHIVE_PROVENANCE,4,KEEP_ARCHIVE_PROVENANCE,BOX_15_REQUIRED_FOR_ANY_PHYSICAL_MOTION,GENERATED_UNRATIFIED
90_ARCHIVE/08_FRAMEWORK_SUPPORT,ARCHIVE_LEAF,90_ARCHIVE/08_FRAMEWORK_SUPPORT/README.md,DIRECT_PRESENT,historical custody and dated receipts,live canonical authority,ARCHIVE_PROVENANCE,206,KEEP_ARCHIVE_PROVENANCE,BOX_15_REQUIRED_FOR_ANY_PHYSICAL_MOTION,GENERATED_UNRATIFIED
90_ARCHIVE/08_FRAMEWORK_SUPPORT/04_APPLICATIONS,ARCHIVE_LEAF,90_ARCHIVE/08_FRAMEWORK_SUPPORT/04_APPLICATIONS/README.md,DIRECT_PRESENT,historical custody and dated receipts,live canonical authority,ARCHIVE_PROVENANCE,84,KEEP_ARCHIVE_PROVENANCE,BOX_15_REQUIRED_FOR_ANY_PHYSICAL_MOTION,GENERATED_UNRATIFIED
90_ARCHIVE/08_FRAMEWORK_SUPPORT/04_APPLICATIONS/NEUROSCIENCE,ARCHIVE_LEAF,90_ARCHIVE/08_FRAMEWORK_SUPPORT/04_APPLICATIONS/NEUROSCIENCE/README.md,DIRECT_PRESENT,historical custody and dated receipts,live canonical authority,ARCHIVE_PROVENANCE,50,KEEP_ARCHIVE_PROVENANCE,BOX_15_REQUIRED_FOR_ANY_PHYSICAL_MOTION,GENERATED_UNRATIFIED
90_ARCHIVE/08_FRAMEWORK_SUPPORT/04_APPLICATIONS/NEUROSCIENCE/COMMUNITY,ARCHIVE_LEAF,90_ARCHIVE/08_FRAMEWORK_SUPPORT/04_APPLICATIONS/NEUROSCIENCE/README.md,INHERITS_NEAREST_OWNER,historical custody and dated receipts,live canonical authority,ARCHIVE_PROVENANCE,2,KEEP_ARCHIVE_PROVENANCE,BOX_15_REQUIRED_FOR_ANY_PHYSICAL_MOTION,GENERATED_UNRATIFIED
90_ARCHIVE/08_FRAMEWORK_SUPPORT/04_APPLICATIONS/NEUROSCIENCE/ECONOMY,ARCHIVE_LEAF,90_ARCHIVE/08_FRAMEWORK_SUPPORT/04_APPLICATIONS/NEUROSCIENCE/README.md,INHERITS_NEAREST_OWNER,historical custody and dated receipts,live canonical authority,ARCHIVE_PROVENANCE,5,KEEP_ARCHIVE_PROVENANCE,BOX_15_REQUIRED_FOR_ANY_PHYSICAL_MOTION,GENERATED_UNRATIFIED
90_ARCHIVE/08_FRAMEWORK_SUPPORT/04_APPLICATIONS/NEUROSCIENCE/ECONOMY/giving,ARCHIVE_LEAF,90_ARCHIVE/08_FRAMEWORK_SUPPORT/04_APPLICATIONS/NEUROSCIENCE/ECONOMY/giving/README.md,DIRECT_PRESENT,historical custody and dated receipts,live canonical authority,ARCHIVE_PROVENANCE,1,KEEP_ARCHIVE_PROVENANCE,BOX_15_REQUIRED_FOR_ANY_PHYSICAL_MOTION,GENERATED_UNRATIFIED
90_ARCHIVE/08_FRAMEWORK_SUPPORT/04_APPLICATIONS/NEUROSCIENCE/ECONOMY/k-star,ARCHIVE_LEAF,90_ARCHIVE/08_FRAMEWORK_SUPPORT/04_APPLICATIONS/NEUROSCIENCE/ECONOMY/k-star/README.md,DIRECT_PRESENT,historical custody and dated receipts,live canonical authority,ARCHIVE_PROVENANCE,1,KEEP_ARCHIVE_PROVENANCE,BOX_15_REQUIRED_FOR_ANY_PHYSICAL_MOTION,GENERATED_UNRATIFIED
90_ARCHIVE/08_FRAMEWORK_SUPPORT/04_APPLICATIONS/NEUROSCIENCE/ECONOMY/mesh-economy,ARCHIVE_LEAF,90_ARCHIVE/08_FRAMEWORK_SUPPORT/04_APPLICATIONS/NEUROSCIENCE/ECONOMY/mesh-economy/README.md,DIRECT_PRESENT,historical custody and dated receipts,live canonical authority,ARCHIVE_PROVENANCE,1,KEEP_ARCHIVE_PROVENANCE,BOX_15_REQUIRED_FOR_ANY_PHYSICAL_MOTION,GENERATED_UNRATIFIED
90_ARCHIVE/08_FRAMEWORK_SUPPORT/04_APPLICATIONS/NEUROSCIENCE/ETHICS,ARCHIVE_LEAF,90_ARCHIVE/08_FRAMEWORK_SUPPORT/04_APPLICATIONS/NEUROSCIENCE/README.md,INHERITS_NEAREST_OWNER,historical custody and dated receipts,live canonical authority,ARCHIVE_PROVENANCE,5,KEEP_ARCHIVE_PROVENANCE,BOX_15_REQUIRED_FOR_ANY_PHYSICAL_MOTION,GENERATED_UNRATIFIED
90_ARCHIVE/08_FRAMEWORK_SUPPORT/04_APPLICATIONS/NEUROSCIENCE/ETHICS/comprehension,ARCHIVE_LEAF,90_ARCHIVE/08_FRAMEWORK_SUPPORT/04_APPLICATIONS/NEUROSCIENCE/ETHICS/comprehension/README.md,DIRECT_PRESENT,historical custody and dated receipts,live canonical authority,ARCHIVE_PROVENANCE,1,KEEP_ARCHIVE_PROVENANCE,BOX_15_REQUIRED_FOR_ANY_PHYSICAL_MOTION,GENERATED_UNRATIFIED
90_ARCHIVE/08_FRAMEWORK_SUPPORT/04_APPLICATIONS/NEUROSCIENCE/ETHICS/equatorial-balance,ARCHIVE_LEAF,90_ARCHIVE/08_FRAMEWORK_SUPPORT/04_APPLICATIONS/NEUROSCIENCE/ETHICS/equatorial-balance/README.md,DIRECT_PRESENT,historical custody and dated receipts,live canonical authority,ARCHIVE_PROVENANCE,1,KEEP_ARCHIVE_PROVENANCE,BOX_15_REQUIRED_FOR_ANY_PHYSICAL_MOTION,GENERATED_UNRATIFIED
90_ARCHIVE/08_FRAMEWORK_SUPPORT/04_APPLICATIONS/NEUROSCIENCE/ETHICS/four-quadrants,ARCHIVE_LEAF,90_ARCHIVE/08_FRAMEWORK_SUPPORT/04_APPLICATIONS/NEUROSCIENCE/ETHICS/four-quadrants/README.md,DIRECT_PRESENT,historical custody and dated receipts,live canonical authority,ARCHIVE_PROVENANCE,1,KEEP_ARCHIVE_PROVENANCE,BOX_15_REQUIRED_FOR_ANY_PHYSICAL_MOTION,GENERATED_UNRATIFIED
90_ARCHIVE/08_FRAMEWORK_SUPPORT/04_APPLICATIONS/NEUROSCIENCE/GEOMETRY,ARCHIVE_LEAF,90_ARCHIVE/08_FRAMEWORK_SUPPORT/04_APPLICATIONS/NEUROSCIENCE/README.md,INHERITS_NEAREST_OWNER,historical custody and dated receipts,live canonical authority,ARCHIVE_PROVENANCE,7,KEEP_ARCHIVE_PROVENANCE,BOX_15_REQUIRED_FOR_ANY_PHYSICAL_MOTION,GENERATED_UNRATIFIED
90_ARCHIVE/08_FRAMEWORK_SUPPORT/04_APPLICATIONS/NEUROSCIENCE/GEOMETRY/conjectures,ARCHIVE_LEAF,90_ARCHIVE/08_FRAMEWORK_SUPPORT/04_APPLICATIONS/NEUROSCIENCE/GEOMETRY/conjectures/README.md,DIRECT_PRESENT,historical custody and dated receipts,live canonical authority,ARCHIVE_PROVENANCE,1,KEEP_ARCHIVE_PROVENANCE,BOX_15_REQUIRED_FOR_ANY_PHYSICAL_MOTION,GENERATED_UNRATIFIED
90_ARCHIVE/08_FRAMEWORK_SUPPORT/04_APPLICATIONS/NEUROSCIENCE/GEOMETRY/proofs,ARCHIVE_LEAF,90_ARCHIVE/08_FRAMEWORK_SUPPORT/04_APPLICATIONS/NEUROSCIENCE/GEOMETRY/proofs/README.md,DIRECT_PRESENT,historical custody and dated receipts,live canonical authority,ARCHIVE_PROVENANCE,1,KEEP_ARCHIVE_PROVENANCE,BOX_15_REQUIRED_FOR_ANY_PHYSICAL_MOTION,GENERATED_UNRATIFIED
90_ARCHIVE/08_FRAMEWORK_SUPPORT/04_APPLICATIONS/NEUROSCIENCE/GEOMETRY/visualization,ARCHIVE_LEAF,90_ARCHIVE/08_FRAMEWORK_SUPPORT/04_APPLICATIONS/NEUROSCIENCE/README.md,INHERITS_NEAREST_OWNER,historical custody and dated receipts,live canonical authority,ARCHIVE_PROVENANCE,3,KEEP_ARCHIVE_PROVENANCE,BOX_15_REQUIRED_FOR_ANY_PHYSICAL_MOTION,GENERATED_UNRATIFIED
90_ARCHIVE/08_FRAMEWORK_SUPPORT/04_APPLICATIONS/NEUROSCIENCE/GREAT_FILTER,ARCHIVE_LEAF,90_ARCHIVE/08_FRAMEWORK_SUPPORT/04_APPLICATIONS/NEUROSCIENCE/README.md,INHERITS_NEAREST_OWNER,historical custody and dated receipts,live canonical authority,ARCHIVE_PROVENANCE,5,KEEP_ARCHIVE_PROVENANCE,BOX_15_REQUIRED_FOR_ANY_PHYSICAL_MOTION,GENERATED_UNRATIFIED
90_ARCHIVE/08_FRAMEWORK_SUPPORT/04_APPLICATIONS/NEUROSCIENCE/GREAT_FILTER/mesh-solution,ARCHIVE_LEAF,90_ARCHIVE/08_FRAMEWORK_SUPPORT/04_APPLICATIONS/NEUROSCIENCE/GREAT_FILTER/mesh-solution/README.md,DIRECT_PRESENT,historical custody and dated receipts,live canonical authority,ARCHIVE_PROVENANCE,1,KEEP_ARCHIVE_PROVENANCE,BOX_15_REQUIRED_FOR_ANY_PHYSICAL_MOTION,GENERATED_UNRATIFIED
90_ARCHIVE/08_FRAMEWORK_SUPPORT/04_APPLICATIONS/NEUROSCIENCE/GREAT_FILTER/open-source-as-mesh,ARCHIVE_LEAF,90_ARCHIVE/08_FRAMEWORK_SUPPORT/04_APPLICATIONS/NEUROSCIENCE/GREAT_FILTER/open-source-as-mesh/README.md,DIRECT_PRESENT,historical custody and dated receipts,live canonical authority,ARCHIVE_PROVENANCE,1,KEEP_ARCHIVE_PROVENANCE,BOX_15_REQUIRED_FOR_ANY_PHYSICAL_MOTION,GENERATED_UNRATIFIED
90_ARCHIVE/08_FRAMEWORK_SUPPORT/04_APPLICATIONS/NEUROSCIENCE/GREAT_FILTER/southward-drift,ARCHIVE_LEAF,90_ARCHIVE/08_FRAMEWORK_SUPPORT/04_APPLICATIONS/NEUROSCIENCE/GREAT_FILTER/southward-drift/README.md,DIRECT_PRESENT,historical custody and dated receipts,live canonical authority,ARCHIVE_PROVENANCE,1,KEEP_ARCHIVE_PROVENANCE,BOX_15_REQUIRED_FOR_ANY_PHYSICAL_MOTION,GENERATED_UNRATIFIED
90_ARCHIVE/08_FRAMEWORK_SUPPORT/04_APPLICATIONS/NEUROSCIENCE/NEUROSCIENCE_CORE,ARCHIVE_LEAF,90_ARCHIVE/08_FRAMEWORK_SUPPORT/04_APPLICATIONS/NEUROSCIENCE/README.md,INHERITS_NEAREST_OWNER,historical custody and dated receipts,live canonical authority,ARCHIVE_PROVENANCE,5,KEEP_ARCHIVE_PROVENANCE,BOX_15_REQUIRED_FOR_ANY_PHYSICAL_MOTION,GENERATED_UNRATIFIED
90_ARCHIVE/08_FRAMEWORK_SUPPORT/04_APPLICATIONS/NEUROSCIENCE/NEUROSCIENCE_CORE/dmn,ARCHIVE_LEAF,90_ARCHIVE/08_FRAMEWORK_SUPPORT/04_APPLICATIONS/NEUROSCIENCE/NEUROSCIENCE_CORE/dmn/README.md,DIRECT_PRESENT,historical custody and dated receipts,live canonical authority,ARCHIVE_PROVENANCE,1,KEEP_ARCHIVE_PROVENANCE,BOX_15_REQUIRED_FOR_ANY_PHYSICAL_MOTION,GENERATED_UNRATIFIED
90_ARCHIVE/08_FRAMEWORK_SUPPORT/04_APPLICATIONS/NEUROSCIENCE/NEUROSCIENCE_CORE/flow,ARCHIVE_LEAF,90_ARCHIVE/08_FRAMEWORK_SUPPORT/04_APPLICATIONS/NEUROSCIENCE/NEUROSCIENCE_CORE/flow/README.md,DIRECT_PRESENT,historical custody and dated receipts,live canonical authority,ARCHIVE_PROVENANCE,1,KEEP_ARCHIVE_PROVENANCE,BOX_15_REQUIRED_FOR_ANY_PHYSICAL_MOTION,GENERATED_UNRATIFIED
90_ARCHIVE/08_FRAMEWORK_SUPPORT/04_APPLICATIONS/NEUROSCIENCE/NEUROSCIENCE_CORE/hemispheres,ARCHIVE_LEAF,90_ARCHIVE/08_FRAMEWORK_SUPPORT/04_APPLICATIONS/NEUROSCIENCE/NEUROSCIENCE_CORE/hemispheres/README.md,DIRECT_PRESENT,historical custody and dated receipts,live canonical authority,ARCHIVE_PROVENANCE,1,KEEP_ARCHIVE_PROVENANCE,BOX_15_REQUIRED_FOR_ANY_PHYSICAL_MOTION,GENERATED_UNRATIFIED
90_ARCHIVE/08_FRAMEWORK_SUPPORT/04_APPLICATIONS/NEUROSCIENCE/PHYSICS,ARCHIVE_LEAF,90_ARCHIVE/08_FRAMEWORK_SUPPORT/04_APPLICATIONS/NEUROSCIENCE/README.md,INHERITS_NEAREST_OWNER,historical custody and dated receipts,live canonical authority,ARCHIVE_PROVENANCE,5,KEEP_ARCHIVE_PROVENANCE,BOX_15_REQUIRED_FOR_ANY_PHYSICAL_MOTION,GENERATED_UNRATIFIED
90_ARCHIVE/08_FRAMEWORK_SUPPORT/04_APPLICATIONS/NEUROSCIENCE/PHYSICS/ccc,ARCHIVE_LEAF,90_ARCHIVE/08_FRAMEWORK_SUPPORT/04_APPLICATIONS/NEUROSCIENCE/PHYSICS/ccc/README.md,DIRECT_PRESENT,historical custody and dated receipts,live canonical authority,ARCHIVE_PROVENANCE,1,KEEP_ARCHIVE_PROVENANCE,BOX_15_REQUIRED_FOR_ANY_PHYSICAL_MOTION,GENERATED_UNRATIFIED
90_ARCHIVE/08_FRAMEWORK_SUPPORT/04_APPLICATIONS/NEUROSCIENCE/PHYSICS/quantum,ARCHIVE_LEAF,90_ARCHIVE/08_FRAMEWORK_SUPPORT/04_APPLICATIONS/NEUROSCIENCE/PHYSICS/quantum/README.md,DIRECT_PRESENT,historical custody and dated receipts,live canonical authority,ARCHIVE_PROVENANCE,1,KEEP_ARCHIVE_PROVENANCE,BOX_15_REQUIRED_FOR_ANY_PHYSICAL_MOTION,GENERATED_UNRATIFIED
90_ARCHIVE/08_FRAMEWORK_SUPPORT/04_APPLICATIONS/NEUROSCIENCE/PHYSICS/torus-sphere,ARCHIVE_LEAF,90_ARCHIVE/08_FRAMEWORK_SUPPORT/04_APPLICATIONS/NEUROSCIENCE/PHYSICS/torus-sphere/README.md,DIRECT_PRESENT,historical custody and dated receipts,live canonical authority,ARCHIVE_PROVENANCE,1,KEEP_ARCHIVE_PROVENANCE,BOX_15_REQUIRED_FOR_ANY_PHYSICAL_MOTION,GENERATED_UNRATIFIED
90_ARCHIVE/08_FRAMEWORK_SUPPORT/04_APPLICATIONS/NEUROSCIENCE/PRACTICE,ARCHIVE_LEAF,90_ARCHIVE/08_FRAMEWORK_SUPPORT/04_APPLICATIONS/NEUROSCIENCE/README.md,INHERITS_NEAREST_OWNER,historical custody and dated receipts,live canonical authority,ARCHIVE_PROVENANCE,5,KEEP_ARCHIVE_PROVENANCE,BOX_15_REQUIRED_FOR_ANY_PHYSICAL_MOTION,GENERATED_UNRATIFIED
90_ARCHIVE/08_FRAMEWORK_SUPPORT/04_APPLICATIONS/NEUROSCIENCE/PRACTICE/building,ARCHIVE_LEAF,90_ARCHIVE/08_FRAMEWORK_SUPPORT/04_APPLICATIONS/NEUROSCIENCE/PRACTICE/building/README.md,DIRECT_PRESENT,historical custody and dated receipts,live canonical authority,ARCHIVE_PROVENANCE,1,KEEP_ARCHIVE_PROVENANCE,BOX_15_REQUIRED_FOR_ANY_PHYSICAL_MOTION,GENERATED_UNRATIFIED
90_ARCHIVE/08_FRAMEWORK_SUPPORT/04_APPLICATIONS/NEUROSCIENCE/PRACTICE/connecting,ARCHIVE_LEAF,90_ARCHIVE/08_FRAMEWORK_SUPPORT/04_APPLICATIONS/NEUROSCIENCE/PRACTICE/connecting/README.md,DIRECT_PRESENT,historical custody and dated receipts,live canonical authority,ARCHIVE_PROVENANCE,1,KEEP_ARCHIVE_PROVENANCE,BOX_15_REQUIRED_FOR_ANY_PHYSICAL_MOTION,GENERATED_UNRATIFIED
90_ARCHIVE/08_FRAMEWORK_SUPPORT/04_APPLICATIONS/NEUROSCIENCE/PRACTICE/sitting,ARCHIVE_LEAF,90_ARCHIVE/08_FRAMEWORK_SUPPORT/04_APPLICATIONS/NEUROSCIENCE/PRACTICE/sitting/README.md,DIRECT_PRESENT,historical custody and dated receipts,live canonical authority,ARCHIVE_PROVENANCE,1,KEEP_ARCHIVE_PROVENANCE,BOX_15_REQUIRED_FOR_ANY_PHYSICAL_MOTION,GENERATED_UNRATIFIED
90_ARCHIVE/08_FRAMEWORK_SUPPORT/04_APPLICATIONS/NEUROSCIENCE/TRADITIONS,ARCHIVE_LEAF,90_ARCHIVE/08_FRAMEWORK_SUPPORT/04_APPLICATIONS/NEUROSCIENCE/README.md,INHERITS_NEAREST_OWNER,historical custody and dated receipts,live canonical authority,ARCHIVE_PROVENANCE,6,KEEP_ARCHIVE_PROVENANCE,BOX_15_REQUIRED_FOR_ANY_PHYSICAL_MOTION,GENERATED_UNRATIFIED
90_ARCHIVE/08_FRAMEWORK_SUPPORT/04_APPLICATIONS/NEUROSCIENCE/TRADITIONS/as-above-so-below,ARCHIVE_LEAF,90_ARCHIVE/08_FRAMEWORK_SUPPORT/04_APPLICATIONS/NEUROSCIENCE/TRADITIONS/as-above-so-below/README.md,DIRECT_PRESENT,historical custody and dated receipts,live canonical authority,ARCHIVE_PROVENANCE,1,KEEP_ARCHIVE_PROVENANCE,BOX_15_REQUIRED_FOR_ANY_PHYSICAL_MOTION,GENERATED_UNRATIFIED
90_ARCHIVE/08_FRAMEWORK_SUPPORT/04_APPLICATIONS/NEUROSCIENCE/TRADITIONS/garden-of-eden,ARCHIVE_LEAF,90_ARCHIVE/08_FRAMEWORK_SUPPORT/04_APPLICATIONS/NEUROSCIENCE/TRADITIONS/garden-of-eden/README.md,DIRECT_PRESENT,historical custody and dated receipts,live canonical authority,ARCHIVE_PROVENANCE,1,KEEP_ARCHIVE_PROVENANCE,BOX_15_REQUIRED_FOR_ANY_PHYSICAL_MOTION,GENERATED_UNRATIFIED
90_ARCHIVE/08_FRAMEWORK_SUPPORT/04_APPLICATIONS/NEUROSCIENCE/TRADITIONS/nataraja,ARCHIVE_LEAF,90_ARCHIVE/08_FRAMEWORK_SUPPORT/04_APPLICATIONS/NEUROSCIENCE/TRADITIONS/nataraja/README.md,DIRECT_PRESENT,historical custody and dated receipts,live canonical authority,ARCHIVE_PROVENANCE,1,KEEP_ARCHIVE_PROVENANCE,BOX_15_REQUIRED_FOR_ANY_PHYSICAL_MOTION,GENERATED_UNRATIFIED
90_ARCHIVE/08_FRAMEWORK_SUPPORT/04_APPLICATIONS/NEUROSCIENCE/TRADITIONS/upanishads,ARCHIVE_LEAF,90_ARCHIVE/08_FRAMEWORK_SUPPORT/04_APPLICATIONS/NEUROSCIENCE/TRADITIONS/upanishads/README.md,DIRECT_PRESENT,historical custody and dated receipts,live canonical authority,ARCHIVE_PROVENANCE,1,KEEP_ARCHIVE_PROVENANCE,BOX_15_REQUIRED_FOR_ANY_PHYSICAL_MOTION,GENERATED_UNRATIFIED
90_ARCHIVE/08_FRAMEWORK_SUPPORT/04_APPLICATIONS/standalone,ARCHIVE_LEAF,90_ARCHIVE/08_FRAMEWORK_SUPPORT/04_APPLICATIONS/standalone/README.md,DIRECT_PRESENT,historical custody and dated receipts,live canonical authority,ARCHIVE_PROVENANCE,21,KEEP_ARCHIVE_PROVENANCE,BOX_15_REQUIRED_FOR_ANY_PHYSICAL_MOTION,GENERATED_UNRATIFIED
90_ARCHIVE/08_FRAMEWORK_SUPPORT/06_TRANSLATION,ARCHIVE_LEAF,90_ARCHIVE/08_FRAMEWORK_SUPPORT/README.md,INHERITS_NEAREST_OWNER,historical custody and dated receipts,live canonical authority,ARCHIVE_PROVENANCE,113,KEEP_ARCHIVE_PROVENANCE,BOX_15_REQUIRED_FOR_ANY_PHYSICAL_MOTION,GENERATED_UNRATIFIED
90_ARCHIVE/08_FRAMEWORK_SUPPORT/06_TRANSLATION/PEER_REVIEW,ARCHIVE_LEAF,90_ARCHIVE/08_FRAMEWORK_SUPPORT/06_TRANSLATION/PEER_REVIEW/README.md,DIRECT_PRESENT,historical custody and dated receipts,live canonical authority,ARCHIVE_PROVENANCE,113,KEEP_ARCHIVE_PROVENANCE,BOX_15_REQUIRED_FOR_ANY_PHYSICAL_MOTION,GENERATED_UNRATIFIED
90_ARCHIVE/08_FRAMEWORK_SUPPORT/06_TRANSLATION/PEER_REVIEW/01_CONJECTURES_AND_PROOFS,ARCHIVE_LEAF,90_ARCHIVE/08_FRAMEWORK_SUPPORT/06_TRANSLATION/PEER_REVIEW/01_CONJECTURES_AND_PROOFS/README.md,DIRECT_PRESENT,historical custody and dated receipts,live canonical authority,ARCHIVE_PROVENANCE,2,KEEP_ARCHIVE_PROVENANCE,BOX_15_REQUIRED_FOR_ANY_PHYSICAL_MOTION,GENERATED_UNRATIFIED
90_ARCHIVE/08_FRAMEWORK_SUPPORT/06_TRANSLATION/PEER_REVIEW/COMPLETED_REVIEWS,ARCHIVE_LEAF,90_ARCHIVE/08_FRAMEWORK_SUPPORT/06_TRANSLATION/PEER_REVIEW/README.md,INHERITS_NEAREST_OWNER,historical custody and dated receipts,live canonical authority,ARCHIVE_PROVENANCE,35,KEEP_ARCHIVE_PROVENANCE,BOX_15_REQUIRED_FOR_ANY_PHYSICAL_MOTION,GENERATED_UNRATIFIED
90_ARCHIVE/08_FRAMEWORK_SUPPORT/06_TRANSLATION/PEER_REVIEW/REVIEW_FEEDBACK,ARCHIVE_LEAF,90_ARCHIVE/08_FRAMEWORK_SUPPORT/06_TRANSLATION/PEER_REVIEW/README.md,INHERITS_NEAREST_OWNER,historical custody and dated receipts,live canonical authority,ARCHIVE_PROVENANCE,6,KEEP_ARCHIVE_PROVENANCE,BOX_15_REQUIRED_FOR_ANY_PHYSICAL_MOTION,GENERATED_UNRATIFIED
90_ARCHIVE/08_FRAMEWORK_SUPPORT/06_TRANSLATION/PEER_REVIEW/REVIEW_PACKETS,ARCHIVE_LEAF,90_ARCHIVE/08_FRAMEWORK_SUPPORT/06_TRANSLATION/PEER_REVIEW/README.md,INHERITS_NEAREST_OWNER,historical custody and dated receipts,live canonical authority,ARCHIVE_PROVENANCE,36,KEEP_ARCHIVE_PROVENANCE,BOX_15_REQUIRED_FOR_ANY_PHYSICAL_MOTION,GENERATED_UNRATIFIED
90_ARCHIVE/08_FRAMEWORK_SUPPORT/06_TRANSLATION/PEER_REVIEW/REVIEW_PAPERS,ARCHIVE_LEAF,90_ARCHIVE/08_FRAMEWORK_SUPPORT/06_TRANSLATION/PEER_REVIEW/README.md,INHERITS_NEAREST_OWNER,historical custody and dated receipts,live canonical authority,ARCHIVE_PROVENANCE,10,KEEP_ARCHIVE_PROVENANCE,BOX_15_REQUIRED_FOR_ANY_PHYSICAL_MOTION,GENERATED_UNRATIFIED
90_ARCHIVE/08_FRAMEWORK_SUPPORT/06_TRANSLATION/PEER_REVIEW/REVIEW_PROOFS,ARCHIVE_LEAF,90_ARCHIVE/08_FRAMEWORK_SUPPORT/06_TRANSLATION/PEER_REVIEW/README.md,INHERITS_NEAREST_OWNER,historical custody and dated receipts,live canonical authority,ARCHIVE_PROVENANCE,4,KEEP_ARCHIVE_PROVENANCE,BOX_15_REQUIRED_FOR_ANY_PHYSICAL_MOTION,GENERATED_UNRATIFIED
90_ARCHIVE/08_FRAMEWORK_SUPPORT/08_AGENTS,ARCHIVE_LEAF,90_ARCHIVE/08_FRAMEWORK_SUPPORT/08_AGENTS/AGENTS.md,DIRECT_PRESENT,historical custody and dated receipts,live canonical authority,ARCHIVE_PROVENANCE,6,KEEP_ARCHIVE_PROVENANCE,BOX_15_REQUIRED_FOR_ANY_PHYSICAL_MOTION,GENERATED_UNRATIFIED
90_ARCHIVE/2026_07_02_PRE_PRUNE,ARCHIVE_LEAF,90_ARCHIVE/README.md,INHERITS_NEAREST_OWNER,historical custody and dated receipts,live canonical authority,ARCHIVE_PROVENANCE,4,KEEP_ARCHIVE_PROVENANCE,BOX_15_REQUIRED_FOR_ANY_PHYSICAL_MOTION,GENERATED_UNRATIFIED
90_ARCHIVE/2026_07_13_gfs_retraction,ARCHIVE_LEAF,90_ARCHIVE/README.md,INHERITS_NEAREST_OWNER,historical custody and dated receipts,live canonical authority,ARCHIVE_PROVENANCE,16,KEEP_ARCHIVE_PROVENANCE,BOX_15_REQUIRED_FOR_ANY_PHYSICAL_MOTION,GENERATED_UNRATIFIED
90_ARCHIVE/2026_07_13_gfs_retraction/canonical,ARCHIVE_LEAF,90_ARCHIVE/README.md,INHERITS_NEAREST_OWNER,historical custody and dated receipts,live canonical authority,ARCHIVE_PROVENANCE,1,KEEP_ARCHIVE_PROVENANCE,BOX_15_REQUIRED_FOR_ANY_PHYSICAL_MOTION,GENERATED_UNRATIFIED
90_ARCHIVE/2026_07_13_gfs_retraction/experiment_dir_2026-07-02_pooled,ARCHIVE_LEAF,90_ARCHIVE/2026_07_13_gfs_retraction/experiment_dir_2026-07-02_pooled/README.md,DIRECT_PRESENT,historical custody and dated receipts,live canonical authority,ARCHIVE_PROVENANCE,4,KEEP_ARCHIVE_PROVENANCE,BOX_15_REQUIRED_FOR_ANY_PHYSICAL_MOTION,GENERATED_UNRATIFIED
90_ARCHIVE/2026_07_13_gfs_retraction/k3_pre_modification_backups,ARCHIVE_LEAF,90_ARCHIVE/README.md,INHERITS_NEAREST_OWNER,historical custody and dated receipts,live canonical authority,ARCHIVE_PROVENANCE,8,KEEP_ARCHIVE_PROVENANCE,BOX_15_REQUIRED_FOR_ANY_PHYSICAL_MOTION,GENERATED_UNRATIFIED
90_ARCHIVE/50_AUDITS,ARCHIVE_LEAF,90_ARCHIVE/50_AUDITS/README.md,DIRECT_PRESENT,historical custody and dated receipts,live canonical authority,ARCHIVE_PROVENANCE,7,KEEP_ARCHIVE_PROVENANCE,BOX_15_REQUIRED_FOR_ANY_PHYSICAL_MOTION,GENERATED_UNRATIFIED
90_ARCHIVE/old_front_doors,ARCHIVE_BOUNDARY,90_ARCHIVE/old_front_doors/TOMBSTONE.md,DIRECT_PRESENT,historical custody and dated receipts,live canonical authority,ARCHIVE_PROVENANCE,4,KEEP_ARCHIVE_PROVENANCE,BOX_15_REQUIRED_FOR_ANY_PHYSICAL_MOTION,GENERATED_UNRATIFIED
90_ARCHIVE/retired_public_site,ARCHIVE_LEAF,90_ARCHIVE/README.md,INHERITS_NEAREST_OWNER,historical custody and dated receipts,live canonical authority,ARCHIVE_PROVENANCE,1,KEEP_ARCHIVE_PROVENANCE,BOX_15_REQUIRED_FOR_ANY_PHYSICAL_MOTION,GENERATED_UNRATIFIED
90_ARCHIVE/tool_noise,ARCHIVE_LEAF,90_ARCHIVE/README.md,INHERITS_NEAREST_OWNER,historical custody and dated receipts,live canonical authority,ARCHIVE_PROVENANCE,45,KEEP_ARCHIVE_PROVENANCE,BOX_15_REQUIRED_FOR_ANY_PHYSICAL_MOTION,GENERATED_UNRATIFIED
90_ARCHIVE/tool_noise/2026_06_04_agentz_deployment,ARCHIVE_BOUNDARY,90_ARCHIVE/tool_noise/2026_06_04_agentz_deployment/TOMBSTONE.md,DIRECT_PRESENT,historical custody and dated receipts,live canonical authority,ARCHIVE_PROVENANCE,33,KEEP_ARCHIVE_PROVENANCE,BOX_15_REQUIRED_FOR_ANY_PHYSICAL_MOTION,GENERATED_UNRATIFIED
90_ARCHIVE/tool_noise/2026_07_12_GFS_RETRACTION,ARCHIVE_LEAF,90_ARCHIVE/README.md,INHERITS_NEAREST_OWNER,historical custody and dated receipts,live canonical authority,ARCHIVE_PROVENANCE,5,KEEP_ARCHIVE_PROVENANCE,BOX_15_REQUIRED_FOR_ANY_PHYSICAL_MOTION,GENERATED_UNRATIFIED
90_ARCHIVE/tool_noise/2026_07_17_executor_moves,ARCHIVE_LEAF,90_ARCHIVE/README.md,INHERITS_NEAREST_OWNER,historical custody and dated receipts,live canonical authority,ARCHIVE_PROVENANCE,7,KEEP_ARCHIVE_PROVENANCE,BOX_15_REQUIRED_FOR_ANY_PHYSICAL_MOTION,GENERATED_UNRATIFIED
90_ARCHIVE/tool_noise/2026_07_17_executor_moves/2026-07-02_gfs_pooled_multiplicative_vs_additive 2,ARCHIVE_LEAF,90_ARCHIVE/tool_noise/2026_07_17_executor_moves/2026-07-02_gfs_pooled_multiplicative_vs_additive 2/README.md,DIRECT_PRESENT,historical custody and dated receipts,live canonical authority,ARCHIVE_PROVENANCE,4,KEEP_ARCHIVE_PROVENANCE,BOX_15_REQUIRED_FOR_ANY_PHYSICAL_MOTION,GENERATED_UNRATIFIED
91_COMPATIBILITY,COMPATIBILITY_BOUNDARY,91_COMPATIBILITY/README.md,DIRECT_PRESENT,forwarding compatibility and migration provenance,independent doctrine or authority,COMPATIBILITY_ONLY,192,KEEP_COMPATIBILITY,BOX_15_REQUIRED_FOR_ANY_PHYSICAL_MOTION,GENERATED_UNRATIFIED
91_COMPATIBILITY/01_FOUNDATIONS,COMPATIBILITY_BOUNDARY,91_COMPATIBILITY/01_FOUNDATIONS/README.md,DIRECT_PRESENT,forwarding compatibility and migration provenance,independent doctrine or authority,COMPATIBILITY_ONLY,188,KEEP_COMPATIBILITY,BOX_15_REQUIRED_FOR_ANY_PHYSICAL_MOTION,GENERATED_UNRATIFIED
91_COMPATIBILITY/01_FOUNDATIONS/00_THE_TRANSCENDENTAL_TRINITY,COMPATIBILITY_BOUNDARY,91_COMPATIBILITY/01_FOUNDATIONS/00_THE_TRANSCENDENTAL_TRINITY/README.md,DIRECT_PRESENT,forwarding compatibility and migration provenance,independent doctrine or authority,COMPATIBILITY_ONLY,41,KEEP_COMPATIBILITY,BOX_15_REQUIRED_FOR_ANY_PHYSICAL_MOTION,GENERATED_UNRATIFIED
91_COMPATIBILITY/01_FOUNDATIONS/01_FORMAL_SYSTEM,COMPATIBILITY_BOUNDARY,91_COMPATIBILITY/01_FOUNDATIONS/01_FORMAL_SYSTEM/README.md,DIRECT_PRESENT,forwarding compatibility and migration provenance,independent doctrine or authority,COMPATIBILITY_ONLY,37,KEEP_COMPATIBILITY,BOX_15_REQUIRED_FOR_ANY_PHYSICAL_MOTION,GENERATED_UNRATIFIED
91_COMPATIBILITY/01_FOUNDATIONS/02_THE_DERIVATION,COMPATIBILITY_BOUNDARY,91_COMPATIBILITY/01_FOUNDATIONS/02_THE_DERIVATION/README.md,DIRECT_PRESENT,forwarding compatibility and migration provenance,independent doctrine or authority,COMPATIBILITY_ONLY,33,KEEP_COMPATIBILITY,BOX_15_REQUIRED_FOR_ANY_PHYSICAL_MOTION,GENERATED_UNRATIFIED
91_COMPATIBILITY/01_FOUNDATIONS/02_THE_DERIVATION/90_ARCHIVE,COMPATIBILITY_BOUNDARY,91_COMPATIBILITY/01_FOUNDATIONS/02_THE_DERIVATION/90_ARCHIVE/AGENTS.md,DIRECT_PRESENT,forwarding compatibility and migration provenance,independent doctrine or authority,COMPATIBILITY_ONLY,8,KEEP_COMPATIBILITY,BOX_15_REQUIRED_FOR_ANY_PHYSICAL_MOTION,GENERATED_UNRATIFIED
91_COMPATIBILITY/01_FOUNDATIONS/03_THE_PAPERS,COMPATIBILITY_BOUNDARY,91_COMPATIBILITY/01_FOUNDATIONS/03_THE_PAPERS/README.md,DIRECT_PRESENT,forwarding compatibility and migration provenance,independent doctrine or authority,COMPATIBILITY_ONLY,24,KEEP_COMPATIBILITY,BOX_15_REQUIRED_FOR_ANY_PHYSICAL_MOTION,GENERATED_UNRATIFIED
